track_id,user,name,artists,duration,is_explicit,popularity,has_track_features,dancability,energy,loudness,tempo,speechiness,acousticness,instrumentalness,valence,liveness
3ZznsGB1HNDojZ00AlEQ1M,rauwedouwe,Kinderboerderij (Keiblij),['Prins S. en De Geit'],197.596,True,38,True,0.727,0.981,-3.715,129.99,0.118,0.289,0.000198,0.592,0.387
5hP8MCB0TT4ni8Jqb16Cff,1pat8ir5aqzhzvs7ygs1jp8ga,Ik Ga Naar Frankrijk,['The Amazing Stroopwafels'],141.04,False,46,True,0.626,0.601,-13.838,141.702,0.0341,0.166,0.0,0.967,0.107
6e0LjNPkRqxIAlmmdjWSV8,1pat8ir5aqzhzvs7ygs1jp8ga,Moi... Lolita,['Alizée'],264.282,False,63,True,0.628,0.888,-3.74,107.958,0.0277,0.0519,0.000191,0.577,0.233
0otIFwtEKqrDBGb3cvLRu4,1pat8ir5aqzhzvs7ygs1jp8ga,Belgie ... (Is Er Leven Op Pluto ...),['Het Goede Doel'],360.706,False,53,True,0.584,0.662,-13.559,140.926,0.0412,0.0114,0.000413,0.658,0.0741
2NhjrPCaQzDULWWZ0kOcGU,1pat8ir5aqzhzvs7ygs1jp8ga,Love Strong - Original Mix,['Moon Boots'],309.26,False,35,True,0.738,0.743,-6.303,115.018,0.0407,0.227,0.723,0.316,0.664
46LNQvIkDX7hs0M466DD6h,1pat8ir5aqzhzvs7ygs1jp8ga,Belle Hélène,['Doe Maar'],169.613,False,52,True,0.737,0.555,-10.423,137.912,0.0376,0.112,0.00023,0.976,0.0755
1fxoAloBlcKe3t49QwIL4m,1pat8ir5aqzhzvs7ygs1jp8ga,Non non rien n'a changé,['Les Poppys'],189.666,False,54,True,0.503,0.482,-7.685,83.796,0.0879,0.481,0.0,0.466,0.204
6iSm0u8DL5MqeptlsoeS90,1pat8ir5aqzhzvs7ygs1jp8ga,Frans Duits,"['Donnie', 'Frans Duijts']",172.881,False,61,True,0.842,0.678,-6.361,118.048,0.101,0.152,0.0,0.919,0.0669
7B78M515588woNjQFBdGcJ,1pat8ir5aqzhzvs7ygs1jp8ga,Heb Je Even Voor Mij,['Frans Bauer'],197.213,False,45,True,0.725,0.877,-9.118,118.01,0.0304,0.0391,0.688,0.961,0.375
0wMAsL98TGuI6eWUEocd1O,1pat8ir5aqzhzvs7ygs1jp8ga,Het Land Van,"['Lange Frans', 'Baas B']",230.44,False,41,True,0.66,0.525,-8.826,82.832,0.174,0.892,5.37e-06,0.614,0.136
20I8RduZC2PWMWTDCZuuAN,1pat8ir5aqzhzvs7ygs1jp8ga,Take Me Out,['Franz Ferdinand'],237.026,False,79,True,0.277,0.663,-8.821,104.561,0.0377,0.000409,0.00051,0.527,0.136
1fweXTF8DCmBPisEkDmZD1,1pat8ir5aqzhzvs7ygs1jp8ga,Franse les,['Bassie & Adriaan'],154.113,False,21,True,0.437,0.47,-11.517,170.226,0.0335,0.56,0.0,0.921,0.319
4CH8nmzGgqd4sokxN7dacs,1pat8ir5aqzhzvs7ygs1jp8ga,Parijs,['Kenny B'],193.059,False,56,True,0.668,0.662,-7.065,93.867,0.0914,0.194,0.0,0.437,0.383
3I6NQKu5HTi5PPvJTAA94i,1pat8ir5aqzhzvs7ygs1jp8ga,La Marseillaise,['Musique De La Garde Républicaine'],63.946,False,35,True,0.549,0.324,-10.862,122.138,0.0426,0.992,0.892,0.287,0.0923
260V7huyJrXnyYe0dFv2Fa,1pat8ir5aqzhzvs7ygs1jp8ga,Canopée,['Polo & Pan'],276.293,False,67,True,0.704,0.692,-6.558,96.005,0.0304,0.0942,0.0109,0.369,0.0922
49ErwcBYfYRPNBdRuPvpYA,1pat8ir5aqzhzvs7ygs1jp8ga,We Are Your Friends - Justice Vs Simian,"['Justice', 'Simian']",262.773,False,60,True,0.615,0.97,1.342,122.993,0.119,0.0104,0.384,0.507,0.178
1mvyqSb1tOvtVP1qfWEyPa,1pat8ir5aqzhzvs7ygs1jp8ga,1901,['Phoenix'],193.12,False,62,True,0.607,0.835,-5.427,144.087,0.0415,0.0588,4.71e-05,0.719,0.195
2Foc5Q5nqNiosCNqttzHof,1pat8ir5aqzhzvs7ygs1jp8ga,Get Lucky (feat. Pharrell Williams & Nile Rodgers) - Radio Edit,"['Daft Punk', 'Pharrell Williams', 'Nile Rodgers']",248.413,False,83,True,0.794,0.811,-8.966,116.047,0.038,0.0426,1.07e-06,0.862,0.101
7M13FwBAKWNa2jqcZeUhL6,1pat8ir5aqzhzvs7ygs1jp8ga,Love Generation - Radio Edit,"['Bob Sinclar', 'Gary Pine']",204.798,False,69,True,0.723,0.872,-3.617,128.038,0.0586,0.192,0.000154,0.544,0.0814
1EKdQjHLQHgJ0LTJfVJAml,1pat8ir5aqzhzvs7ygs1jp8ga,La tribu de Dana,['Manau'],287.933,False,45,True,0.67,0.804,-5.731,93.552,0.0547,0.114,0.0,0.363,0.0966
0b6mTlLYNEmHjjCnkrzDie,1pat8ir5aqzhzvs7ygs1jp8ga,Skinnyjeans,['Le Le'],262.973,False,31,True,0.866,0.612,-11.474,126.037,0.0964,0.0166,0.141,0.96,0.0386
1PiASZMKp39IsWwiiIYgPO,rauwedouwe,Ani Kuni,['Polo & Pan'],277.52,False,60,True,0.662,0.621,-6.158,120.998,0.0291,0.204,0.591,0.0477,0.0658
5DxiVa5ju8USAJpckiru3U,rauwedouwe,Mawakanda,"['James BKS', 'Ebenezer', 'Reo Cragun']",231.979,True,31,True,0.836,0.847,-5.046,126.983,0.131,0.0586,0.0,0.786,0.0833
2rSdECFt2XJXUD0Qhc3pW2,rauwedouwe,El Miraglo,['Jungle by Night'],228.285,False,31,True,0.7,0.8,-7.588,110.228,0.0296,0.0452,0.891,0.92,0.186
3sa06xVNmLLYIxdNNmVQN8,rauwedouwe,Where Did You Go? (feat. MNEK),"['Jax Jones', 'MNEK']",177.689,False,87,True,0.763,0.782,-4.541,127.034,0.0346,0.182,7.08e-06,0.502,0.293
2omQY42P8l0YVqG2vhovUO,rauwedouwe,Dimanche,"['CLAAP!', 'Santana']",273.829,False,0,True,0.802,0.329,-13.987,93.99,0.0604,0.023,0.189,0.321,0.0726
4YACgyR9xdAcyJMBV8H6oX,rauwedouwe,Ride On Time,['Black Box'],272.146,False,0,True,0.653,0.805,-7.539,118.763,0.0325,0.00574,0.551,0.847,0.0691
1nzLNeyk835Q9h1zPS4gr9,rauwedouwe,Across The Room - Tycho Remix,"['ODESZA', 'Leon Bridges', 'Tycho']",231.91,False,53,True,0.383,0.765,-7.295,177.89,0.0539,0.00371,6.08e-05,0.16,0.101
4riBORG5X5kvQThwODPDDh,rauwedouwe,Japan - Satin Jackets Remix,"['Tycho', 'Saint Sinner', 'Satin Jackets']",237.419,False,56,True,0.708,0.771,-9.022,92.986,0.0394,0.00721,0.164,0.371,0.277
7culxZiBjN3w3yXqxgKIpD,rauwedouwe,Avenir - Radio Edit,"['Louane', 'Jean-Philippe Massicot', 'Tristan Salvati']",185.28,False,59,True,0.768,0.437,-12.061,113.986,0.0372,0.0723,0.000362,0.632,0.0874
23IK8TF2MSiLnuEjaYPfVV,rauwedouwe,Nightshift,['Commodores'],306.56,False,63,True,0.727,0.559,-10.194,105.06,0.0392,0.62,0.0114,0.393,0.0629
0Psz3az3RIYfJpnsajBT8N,rauwedouwe,Nanã,['Polo & Pan'],190.826,False,65,True,0.685,0.735,-6.337,94.035,0.0334,0.191,0.038,0.385,0.188
7FGjTXmgLoQ9kNiD5rSmRs,rauwedouwe,Manon,['De Jeugd Van Tegenwoordig'],217.499,False,50,True,0.716,0.819,-4.54,144.987,0.16,0.00219,3.7e-06,0.774,0.542
1jYjIopHaWuVpmbOymStCN,rauwedouwe,WAAROM STEMMEN JULLIE STEEDS OP DE VVD,['Hang Youth'],31.262,False,30,True,0.395,0.691,-9.41,144.296,0.153,0.128,0.0,0.661,0.677
4nopFapJccbuP7HMf8LOO6,1pat8ir5aqzhzvs7ygs1jp8ga,K Hole,['Alex Cameron'],210.4,True,42,True,0.666,0.513,-9.964,75.191,0.0515,0.174,4.74e-05,0.401,0.115
0k5hoseEJnCAbpRh38dNoI,basmerbel,Title,['Meghan Trainor'],174.733,True,74,True,0.779,0.754,-4.358,89.998,0.0966,0.343,2.6e-06,0.883,0.0965
6urCAbunOQI4bLhmGpX7iS,basmerbel,Don't Speak,['No Doubt'],263.56,False,77,True,0.52,0.709,-7.125,76.039,0.0352,0.247,1.78e-05,0.536,0.18
3CY7wjLc1CaAIrp9buEWhG,basmerbel,Simple Kind Of Life,['No Doubt'],256.933,False,51,True,0.576,0.849,-5.199,119.999,0.0355,0.0678,0.0,0.482,0.278
1OutzYv6YiN93lrT3pJsWR,basmerbel,It's My Life,['No Doubt'],226.053,False,62,True,0.612,0.735,-5.074,126.326,0.0282,0.00202,0.00118,0.783,0.328
2PBOI7vYicqDaG9rYbycUO,basmerbel,Not Fair,['Lily Allen'],201.146,False,43,True,0.712,0.864,-6.99,121.474,0.0399,0.0516,0.0115,0.934,0.173
5wD6de7Fz1QfxVNkv1SEy7,basmerbel,LDN,['Lily Allen'],190.773,False,63,True,0.675,0.631,-7.56,100.027,0.0261,0.0147,4.39e-06,0.917,0.379
5Td8uwJOhBJx4tyRlnk8WI,basmerbel,Alfie,['Lily Allen'],165.053,True,43,True,0.778,0.908,-5.275,120.009,0.0284,0.0184,0.0,0.973,0.0896
6AtZLIzUINvExIUy4QhdjP,31hbrww3peprl3puzzaqqf6yfycy,I Knew You Were Trouble (Taylor's Version),['Taylor Swift'],219.76,False,73,True,0.584,0.557,-6.371,154.008,0.0342,0.0129,0.0,0.767,0.0576
6YvqWjhGD8mB5QXcbcUKtx,31hbrww3peprl3puzzaqqf6yfycy,Love Story (Taylor’s Version),['Taylor Swift'],235.766,False,75,True,0.627,0.792,-4.311,119.054,0.031,0.13,3.97e-06,0.415,0.0845
0cqRj7pUJDkTCEsJkx8snD,31hbrww3peprl3puzzaqqf6yfycy,Shake It Off,['Taylor Swift'],219.2,False,81,True,0.647,0.8,-5.384,160.078,0.165,0.0647,0.0,0.942,0.334
20I6sIOMTCkB6w7ryavxtO,31hbrww3peprl3puzzaqqf6yfycy,Call Me Maybe,['Carly Rae Jepsen'],193.4,False,80,True,0.783,0.58,-6.548,120.021,0.0408,0.0114,2.28e-06,0.66,0.108
4BpN2xkpSEA9L95yopkjsX,basmerbel,Because I'm Me,['The Avalanches'],252.8,False,51,True,0.427,0.79,-6.203,94.824,0.0953,0.0542,0.0169,0.537,0.324
27tNWlhdAryQY04Gb2ZhUI,31hbrww3peprl3puzzaqqf6yfycy,Roar,['Katy Perry'],223.546,False,77,True,0.671,0.771,-4.821,90.003,0.0316,0.00492,7.28e-06,0.436,0.354
2vwlzO0Qp8kfEtzTsCXfyE,31hbrww3peprl3puzzaqqf6yfycy,Wrecking Ball,['Miley Cyrus'],221.36,False,78,True,0.53,0.422,-6.262,119.964,0.0342,0.407,0.0,0.349,0.107
3E7dfMvvCLUddWissuqMwr,31hbrww3peprl3puzzaqqf6yfycy,Party In The U.S.A.,['Miley Cyrus'],202.066,False,80,True,0.652,0.698,-4.667,96.021,0.042,0.00112,0.000115,0.47,0.0886
6JY1IdkZGeIcPegKxjSKeb,31hbrww3peprl3puzzaqqf6yfycy,Since U Been Gone,['Kelly Clarkson'],188.96,False,71,True,0.662,0.739,-5.354,130.999,0.0322,0.00206,0.0603,0.382,0.113
00Mb3DuaIH1kjrwOku9CGU,31hbrww3peprl3puzzaqqf6yfycy,Sk8er Boi,['Avril Lavigne'],204.0,False,77,True,0.487,0.9,-4.417,149.937,0.0482,6.79e-05,0.0,0.484,0.358
5xEM5hIgJ1jjgcEBfpkt2F,31hbrww3peprl3puzzaqqf6yfycy,Complicated,['Avril Lavigne'],244.506,False,80,True,0.585,0.776,-5.898,77.987,0.0459,0.0572,7.74e-06,0.427,0.3
25FTMokYEbEWHEdss5JLZS,31hbrww3peprl3puzzaqqf6yfycy,Teenage Dirtbag,['Wheatus'],241.666,True,73,True,0.625,0.85,-3.904,94.661,0.0495,0.346,0.000233,0.633,0.174
1Je1IMUlBXcx1Fz0WE7oPT,31hbrww3peprl3puzzaqqf6yfycy,Wannabe,['Spice Girls'],173.026,False,81,True,0.768,0.864,-6.145,110.008,0.0324,0.101,0.0,0.891,0.162
2HBNpowBFX4mAdVHQN1ET9,carmenvs,Graceland,['Paul Simon'],291.2,False,47,True,0.732,0.705,-9.271,117.925,0.0349,0.625,0.000639,0.849,0.0813
5AKQ1JHezaXDmN5SyMSpEr,31hbrww3peprl3puzzaqqf6yfycy,Fascination,['Alphabeat'],182.12,False,63,True,0.495,0.878,-3.266,193.947,0.0361,0.00027,9.02e-05,0.825,0.07
07orvxY7mbMy7txvSjarnt,carmenvs,Ik Wil Alleen Maar Zwemmen,['Spinvis'],228.16,False,44,True,0.677,0.647,-8.849,115.006,0.0492,0.0936,0.0505,0.839,0.0713
06ypiqmILMdVeaiErMFA91,carmenvs,Drive My Car - Remastered 2009,['The Beatles'],148.893,False,65,True,0.754,0.571,-8.547,122.463,0.0421,0.0173,0.0,0.82,0.3
6L89mwZXSOwYl76YXfX13s,basmerbel,Basket Case,['Green Day'],181.533,False,80,True,0.442,0.943,-3.205,85.064,0.0602,0.00293,8.71e-06,0.781,0.091
6nTiIhLmQ3FWhvrGafw2zj,basmerbel,American Idiot,['Green Day'],176.346,True,79,True,0.38,0.988,-2.042,186.113,0.0639,2.64e-05,7.86e-05,0.769,0.368
6soLo7Z2vDBPulJgC1VC8J,carmenvs,Diamonds on the Soles of Her Shoes,['Paul Simon'],349.28,False,45,True,0.792,0.677,-9.724,110.663,0.0357,0.776,0.00121,0.877,0.224
7BPw9h8vCIX94N0rjFU12S,basmerbel,Cheap Thrills,['Sia'],211.666,False,61,True,0.628,0.698,-5.608,89.976,0.105,0.0472,0.00143,0.732,0.0907
5YJtMNWKe55yr49cyJgxva,31hbrww3peprl3puzzaqqf6yfycy,Everytime We Touch,['Cascada'],197.124,False,73,True,0.633,0.976,-5.362,142.027,0.0519,0.00281,1.29e-05,0.493,0.382
0jDWRUbxSn8zQlwFbeLHwo,31hbrww3peprl3puzzaqqf6yfycy,Evacuate The Dancefloor,['Cascada'],207.2,False,63,True,0.762,0.702,-5.87,127.029,0.0432,0.0167,0.0,0.898,0.314
3IbkWFHKCQp1Y7oLjeQgGv,carmenvs,Sinds 1 Dag Of 2 (32 Jaar),['Doe Maar'],200.891,False,54,True,0.884,0.599,-10.892,113.743,0.0449,0.283,0.00396,0.963,0.137
2vTaJoK6kaRnwsAPn66STg,31hbrww3peprl3puzzaqqf6yfycy,Everytime We Touch,['Cascade'],196.973,False,56,True,0.644,0.993,-2.784,142.04,0.0688,0.0105,0.0,0.392,0.276
3ePZ29a6YmZKsMsfA9dWXe,basmerbel,Clap Your Hands,['Sia'],238.466,False,12,True,0.699,0.87,-4.925,120.036,0.0546,0.000532,0.0219,0.778,0.359
5Nr1ZcH9PGTiQdGl9HCCS1,31hbrww3peprl3puzzaqqf6yfycy,Now You're Gone - Video Edit,"['Basshunter', 'DJ Mental Theos Bazzheadz']",148.186,False,65,True,0.639,0.976,-5.503,147.99,0.354,0.0213,0.0,0.354,0.0856
2MQsemfzHtflaTuWMdmVFD,carmenvs,Zo Vrolijk,['Herman van Veen'],182.373,False,31,True,0.832,0.424,-19.343,126.473,0.0412,0.346,0.0132,0.907,0.204
5uxYTDNKEOxcrlWyuMNjaM,31hbrww3peprl3puzzaqqf6yfycy,DotA - Radio Edit,['Basshunter'],200.56,False,52,True,0.46,0.962,-6.447,140.047,0.112,0.0084,0.00199,0.532,0.186
4rino0wsmUcK36Ro4CCrke,31hbrww3peprl3puzzaqqf6yfycy,Boten Anna - Radio edit,['Basshunter'],207.066,False,57,True,0.464,0.971,-5.546,140.179,0.26,0.0635,0.000108,0.265,0.073
3iKcDwqwMf6O547uQcyjaO,31hbrww3peprl3puzzaqqf6yfycy,Year Of Summer - Radio Edit,"['Wildstylez', 'Niels Geusebroek']",174.4,False,59,True,0.578,0.888,-5.573,149.883,0.0506,0.217,0.000583,0.378,0.294
00SmB7n85SKROGjybsyq5i,carmenvs,Bongo Bong,['Manu Chao'],158.426,False,68,True,0.755,0.545,-10.027,149.807,0.0646,0.944,0.000118,0.964,0.144
265Anh9hGoozFigjUVLUeD,carmenvs,New Shoes,['Paolo Nutini'],203.653,False,67,True,0.748,0.735,-8.692,150.04,0.0903,0.47,1.09e-05,0.854,0.0851
1G391cbiT3v3Cywg8T7DM1,basmerbel,Scar Tissue,['Red Hot Chili Peppers'],215.906,False,79,True,0.595,0.717,-4.803,88.969,0.0295,0.0779,0.00274,0.547,0.108
4TOMI010Sd4ZAX4aZ5TS85,carmenvs,Perfect Day,['Lou Reed'],225.0,False,67,True,0.4,0.267,-12.488,144.799,0.0323,0.744,0.00734,0.0872,0.103
14iN3o8ptQ8cFVZTEmyQRV,31hbrww3peprl3puzzaqqf6yfycy,I Kissed A Girl,['Katy Perry'],179.64,False,75,True,0.699,0.76,-3.173,129.996,0.0677,0.00223,0.0,0.696,0.132
2L93TdW2GMue1H2zlkt30F,carmenvs,Suzanne,['Leonard Cohen'],229.293,False,63,True,0.409,0.172,-16.44,132.151,0.0389,0.922,0.00112,0.352,0.111
3f7gYMirBEKuc57218BjOY,31hbrww3peprl3puzzaqqf6yfycy,California Gurls,"['Katy Perry', 'Snoop Dogg']",234.653,False,68,True,0.788,0.753,-3.71,125.005,0.0536,0.0038,0.0,0.403,0.18
6Skhtjr5tglhmBNNT72IcS,31hbrww3peprl3puzzaqqf6yfycy,Hero,['Enrique Iglesias'],264.64,False,31,True,0.562,0.611,-6.168,76.025,0.0435,0.184,3.15e-05,0.126,0.118
1PMy8oEMdJ5xPVMaNZPcJf,31hbrww3peprl3puzzaqqf6yfycy,Bailando - Spanish Version,"['Enrique Iglesias', 'Descemer Bueno', 'Gente De Zona']",243.893,False,38,True,0.719,0.779,-3.516,90.973,0.129,0.0451,2e-06,0.96,0.0375
3i2ZaFbGMZmerAEoVHvsmB,carmenvs,De Bom,['Doe Maar'],161.286,False,51,True,0.859,0.812,-8.211,132.575,0.043,0.305,0.0,0.856,0.124
6habFhsOp2NvshLv26DqMb,31hbrww3peprl3puzzaqqf6yfycy,Despacito,"['Luis Fonsi', 'Daddy Yankee']",229.36,False,81,True,0.655,0.797,-4.787,177.928,0.153,0.198,0.0,0.839,0.067
64BbK9SFKH2jk86U3dGj2P,basmerbel,Otherside,['Red Hot Chili Peppers'],255.373,False,80,True,0.458,0.795,-3.265,123.229,0.0574,0.00316,0.000202,0.513,0.0756
2aibwv5hGXSgw7Yru8IYTO,basmerbel,Snow (Hey Oh),['Red Hot Chili Peppers'],334.666,False,80,True,0.427,0.9,-3.674,104.655,0.0499,0.116,1.75e-05,0.599,0.119
1u5B0ResnqPcrtO80H4bHU,carmenvs,Dageraadplein,['Spinvis'],180.878,False,26,True,0.728,0.765,-6.577,125.976,0.0336,0.648,0.113,0.96,0.217
3d9DChrdc6BOeFsbrZ3Is0,basmerbel,Under the Bridge,['Red Hot Chili Peppers'],264.306,False,82,True,0.559,0.345,-13.496,84.581,0.0459,0.0576,0.000105,0.458,0.141
0Cr3j6qhDItBeFbAzdXtN2,basmerbel,VCR,['The xx'],177.093,False,57,True,0.755,0.482,-12.729,109.354,0.03,0.891,0.818,0.48,0.1
0Rqwa6i410IwhTiugt6vXi,basmerbel,Islands,['The xx'],160.72,False,62,True,0.871,0.472,-11.077,124.04,0.0756,0.74,0.269,0.707,0.145
5OVHnu9SgsdAravy4UyGq4,basmerbel,Helicopter,['Bloc Party'],220.173,False,59,True,0.47,0.954,-3.631,170.1,0.134,0.000159,0.0043,0.412,0.405
4juzduULFJiZVIcrC1tkxE,basmerbel,Banquet,['Bloc Party'],201.36,False,65,True,0.575,0.936,-4.913,150.234,0.0512,0.000128,0.0146,0.879,0.0828
4g1dMXihqGqrl3LCyvnXhb,31hbrww3peprl3puzzaqqf6yfycy,Everyday - Netsky Remix,['Rusko'],251.669,False,50,True,0.363,0.934,-5.034,173.965,0.0485,0.000341,0.777,0.132,0.329
5dhUKghcd7nhO0LE7O8Gq9,carmenvs,Fantastig Toch,['Eva De Roovere'],176.36,False,39,True,0.647,0.575,-7.136,180.01,0.035,0.711,3.27e-05,0.732,0.208
7Ms6GPeXkFA5FEkXQzEImM,basmerbel,Hunting for Witches,['Bloc Party'],211.493,False,49,True,0.568,0.803,-6.114,157.032,0.0782,0.000134,0.000202,0.72,0.0837
1LowOq3Ipndg1XC1Dcm7lX,31hbrww3peprl3puzzaqqf6yfycy,Watch It Burn,"['Camo & Krooked', 'Ayah Marar']",208.93,False,47,True,0.349,0.868,-4.258,174.163,0.0519,8.23e-05,0.0,0.151,0.619
31iW5Yzn4Z39NvSD5csT2s,31hbrww3peprl3puzzaqqf6yfycy,Come Alive,['Netsky'],250.06,False,47,True,0.455,0.863,-3.259,172.995,0.116,0.000524,0.274,0.344,0.171
1POpzXwi5LRsjwWO9sgRAj,31hbrww3peprl3puzzaqqf6yfycy,Nobody's Perfect - Netsky Full Vocal Remix,"['Jessie J', 'Netsky']",295.84,False,44,True,0.597,0.748,-8.172,86.488,0.0373,0.000991,6.67e-05,0.174,0.0932
0uryR2h5CovP64xlud4DGZ,31hbrww3peprl3puzzaqqf6yfycy,Beautiful Lies,['B-complex'],408.375,False,48,True,0.398,0.903,-5.299,174.035,0.0449,0.0002,0.901,0.124,0.252
3VPBqHUd17ZvEgabW9ZOUU,31hbrww3peprl3puzzaqqf6yfycy,Ghost Assassin - Original Mix,"['Maduk', 'Veela']",221.624,False,50,True,0.483,0.923,-4.477,176.001,0.0475,0.00809,4.06e-05,0.0798,0.0929
3Ltil0t3nFOcGrlUF1itBs,carmenvs,Via con me,['Paolo Conte'],166.546,False,64,True,0.663,0.479,-16.113,164.938,0.155,0.724,0.00281,0.714,0.135
1gPJ3F2p8rwhlzr1AF58W7,31hbrww3peprl3puzzaqqf6yfycy,Sientelo,"['Mefjus', 'Camo & Krooked']",290.742,False,58,True,0.528,0.934,0.42,174.91,0.168,0.00308,0.00614,0.41,0.084
6M14BiCN00nOsba4JaYsHW,basmerbel,Ocean Man,['Ween'],126.946,False,66,True,0.72,0.912,-6.13,122.782,0.0363,0.551,0.00122,0.973,0.0982
1PmXm1881bonBI1AlG5uaH,basmerbel,"Livin' in the Sunlight, Lovin' in the Moon Light",['Tiny Tim'],125.933,False,52,True,0.603,0.276,-19.238,99.561,0.0871,0.911,0.00237,0.86,0.484
1uWTlK72KKpzsCHhu62OV5,31hbrww3peprl3puzzaqqf6yfycy,Waiting All Night (feat. Ella Eyre),"['Rudimental', 'Ella Eyre']",292.586,False,67,True,0.544,0.728,-5.358,174.983,0.05,0.00264,0.00959,0.281,0.427
6WK9dVrRABMkUXFLNlgWFh,basmerbel,Enjoy the Silence,['Depeche Mode'],255.133,False,71,True,0.663,0.838,-5.744,112.788,0.0286,0.2,0.000177,0.752,0.0782
2SSYLcSiT7oImgsS8cPyQu,31hbrww3peprl3puzzaqqf6yfycy,Hot Right Now (feat. RITA ORA) - Radio Edit,"['DJ Fresh', 'Rita Ora']",182.333,False,60,True,0.524,0.972,-1.569,175.017,0.0431,0.00656,0.00058,0.476,0.224
64I0O6ZipYryKte1cHA2EY,31hbrww3peprl3puzzaqqf6yfycy,End Credits,"['Chase & Status', 'Plan B']",200.6,False,60,True,0.324,0.783,-4.808,116.704,0.0346,0.00929,0.0117,0.0788,0.0888
4VP8QiCeaZq8BeTIUrMQOG,basmerbel,No You Girls,['Franz Ferdinand'],223.786,False,62,True,0.677,0.916,-4.102,104.78,0.0296,0.0086,7.68e-05,0.878,0.0967
2lwwrWVKdf3LR9lbbhnr6R,basmerbel,Float On,['Modest Mouse'],208.466,False,73,True,0.649,0.888,-4.807,100.975,0.0293,0.013,2.23e-06,0.553,0.0888
6DoenX36UcAKSp6wR9UKxM,basmerbel,Blinded by the Lights,['The Streets'],284.6,True,55,True,0.599,0.701,-5.718,133.046,0.568,0.315,0.0,0.669,0.102
0aJrYfARfCKzv6gXjhs4SZ,basmerbel,Upside Down,['Jack Johnson'],209.546,False,72,True,0.792,0.647,-8.314,102.477,0.045,0.255,0.000223,0.694,0.132
4KFM3A5QF2IMcc6nHsu3Wp,basmerbel,Englishman In New York,['Sting'],267.266,False,72,True,0.674,0.347,-17.707,102.013,0.0364,0.396,1.05e-05,0.647,0.0916
66S14BkJDxgkYxLl5DCqOz,basmerbel,I'm Gonna Be (500 Miles),['The Proclaimers'],219.466,False,73,True,0.851,0.551,-5.177,131.922,0.0396,0.151,0.0,0.807,0.0827
3p3zWIejjNPXwMPiRyD5Fj,basmerbel,Fakalufilufi,['Gabilou'],154.453,False,18,True,0.688,0.768,-7.45,166.04,0.0746,0.503,0.0,0.97,0.102
1RSy7B2vfPi84N80QJ6frX,basmerbel,Blue Monday - 2016 Remaster,['New Order'],450.8,False,64,True,0.793,0.703,-9.548,130.27,0.0581,0.000726,0.88,0.856,0.075
1YQWosTIljIvxAgHWTp7KP,basmerbel,Take Five,['The Dave Brubeck Quartet'],324.133,False,66,True,0.454,0.26,-13.193,174.322,0.0401,0.539,0.00078,0.598,0.0675
44aTAUBF0g6sMkMNE8I5kd,basmerbel,Every Little Thing She Does Is Magic,['The Police'],260.573,False,74,True,0.558,0.768,-9.997,81.909,0.0343,0.121,0.0626,0.429,0.124
6k71NlTnn41Vk7RJX7CSbY,basmerbel,"Angel in Your Eyes (feat. Sia, Diplo, and Labrinth)","['Sia', 'Diplo', 'Labrinth', 'LSD']",186.12,False,51,True,0.607,0.616,-6.925,184.111,0.0581,0.0288,0.0439,0.698,0.138
57iDDD9N9tTWe75x6qhStw,basmerbel,Bitter Sweet Symphony,['The Verve'],357.266,False,80,True,0.356,0.917,-6.006,171.176,0.0479,0.0335,0.0,0.518,0.406
36D5YuQMwcrPW9AnnxtLry,basmerbel,Frontier Psychiatrist,['The Avalanches'],287.693,False,18,True,0.712,0.902,-7.426,98.938,0.355,0.114,0.000216,0.402,0.394
2n0U2OG5d6TuW5mKx7YrC0,basmerbel,Two Birds,['Regina Spektor'],195.84,False,73,True,0.546,0.5,-8.881,150.92,0.0379,0.802,0.00108,0.449,0.107
1J2WmkS1Z18AuDWZCgIC5K,basmerbel,Fidelity,['Regina Spektor'],226.68,False,58,True,0.923,0.518,-6.008,93.023,0.0492,0.52,0.000142,0.682,0.104
24yaR0CyO2oRISmeL2AvVj,basmerbel,Karma Police - Remastered,['Radiohead'],261.426,False,0,True,0.389,0.577,-7.578,74.551,0.0276,0.0397,5.23e-05,0.367,0.107
2Gl1Qdx5Px5kVYe0PQoGI0,basmerbel,Be Above It,['Tame Impala'],201.96,False,50,True,0.746,0.976,-6.073,118.965,0.0682,0.367,0.274,0.384,0.111
6qZjm61s6u8Ead9sWxCDro,basmerbel,Elephant,['Tame Impala'],211.226,False,71,True,0.598,0.553,-6.742,123.075,0.0397,0.562,0.157,0.533,0.257
0YuePEX4KyfLIPMdNLPwgQ,basmerbel,Endors Toi,['Tame Impala'],186.64,False,56,True,0.242,0.924,-3.327,129.155,0.0804,0.0302,0.461,0.33,0.36
6ewQE1dNPv9qqlnB1CxrvM,basmerbel,Mind Mischief,['Tame Impala'],271.88,False,62,True,0.25,0.942,-3.235,161.333,0.0545,0.0815,0.00097,0.822,0.367
0LtOwyZoSNZKJWHqjzADpW,basmerbel,Feels Like We Only Go Backwards,['Tame Impala'],192.96,False,75,True,0.303,0.9,-2.352,149.508,0.0574,0.0277,0.635,0.491,0.11
6K4t31amVTZDgR3sKmwUJJ,basmerbel,The Less I Know The Better,['Tame Impala'],216.32,True,84,True,0.64,0.74,-4.083,116.879,0.0284,0.0115,0.00678,0.785,0.167
3R9b1PpbmKKZ24rJpRnX5X,11140450740,I've Been Missing You,['S.P.Y'],284.137,False,44,True,0.611,0.758,-12.22,174.933,0.0659,0.0625,0.74,0.0399,0.0647
6QhXQOpyYvbpdbyjgAqKdY,basmerbel,Cecilia,['Simon & Garfunkel'],174.826,False,74,True,0.755,0.876,-8.867,102.762,0.0362,0.357,5.17e-06,0.954,0.22
2RlgNHKcydI9sayD2Df2xp,basmerbel,Mr. Blue Sky,['Electric Light Orchestra'],303.373,False,81,True,0.388,0.338,-10.054,177.765,0.0329,0.652,3.73e-06,0.478,0.248
7w87IxuO7BDcJ3YUqCyMTT,basmerbel,Pumped Up Kicks,['Foster The People'],239.6,False,84,True,0.733,0.71,-5.849,127.975,0.0292,0.145,0.115,0.965,0.0956
1HzDhHApjdjXPLHF6GGYhu,basmerbel,Wish You Were Here,['Pink Floyd'],321.08,False,68,True,0.499,0.318,-13.776,121.498,0.0485,0.718,0.00101,0.282,0.379
7Fg4jpwpkdkGCvq1rrXnvx,basmerbel,Comfortably Numb - 2011 Remastered Version,['Pink Floyd'],379.213,False,67,True,0.479,0.309,-14.751,127.155,0.0299,0.153,0.22,0.182,0.134
2f14cB0pXqhgQDeNmQDkXf,basmerbel,Can't Do Without You,['Caribou'],236.4,False,58,True,0.457,0.404,-9.1,128.01,0.0598,0.772,0.782,0.479,0.78
3rN3BHWnlvRkXIhE7KGbSU,basmerbel,Bees,['Caribou'],323.666,False,55,True,0.715,0.596,-12.811,130.716,0.0304,0.785,0.885,0.766,0.111
0c7V10APHbimDgQppV8dFz,basmerbel,Sun,['Caribou'],344.92,False,48,True,0.69,0.825,-7.373,127.983,0.038,0.0402,0.807,0.45,0.172
305tGJy16yTTFe6Ya9nMKJ,basmerbel,Odessa,['Caribou'],315.293,False,58,True,0.694,0.896,-6.099,118.03,0.0386,0.00369,0.0915,0.562,0.344
0CorrVgkVxxY9405ghnnAb,basmerbel,You and I,['Caribou'],243.946,False,46,True,0.733,0.495,-8.448,111.911,0.0321,0.0716,0.124,0.478,0.114
0QEG3NGmWatNOIAVxudQfd,basmerbel,Never Come Back,['Caribou'],305.48,False,56,True,0.776,0.684,-8.934,127.979,0.0367,0.405,0.559,0.655,0.0663
2YWtcWi3a83pdEg3Gif4Pd,basmerbel,I Think He Knows,['Taylor Swift'],173.386,False,72,True,0.897,0.366,-8.029,100.003,0.0569,0.00889,0.000353,0.416,0.0715
3kMrazSvILsgcwtidZd1Qd,basmerbel,Bulletproof,['La Roux'],205.733,False,72,True,0.674,0.882,-2.771,123.016,0.0477,0.000441,6.47e-05,0.682,0.068
6jPNXRnTy37ADxbihf56rM,basmerbel,Plage,['Crystal Fighters'],230.493,False,33,True,0.689,0.831,-6.443,134.04,0.0411,0.107,0.0259,0.291,0.128
78GBszqgsTOnlxLOYMWJGg,basmerbel,Happiness,['Goldfrapp'],255.306,False,43,True,0.571,0.591,-6.125,121.118,0.0313,0.571,2.38e-05,0.329,0.111
4QXZsMxzncIsvd6Snf6WAZ,basmerbel,We're from Barcelona,"[""I'm From Barcelona""]",182.426,False,28,True,0.588,0.924,-4.278,119.965,0.0361,0.109,0.0048,0.953,0.747
49skdn8Truaufvcz8BXmtT,basmerbel,Lets Go Surfing,['The Drums'],174.306,False,60,True,0.579,0.806,-5.7,174.057,0.0323,0.214,0.000535,0.789,0.0917
5xC8uOesnn0udeXAYlAnoY,basmerbel,Alright,['Supergrass'],180.88,False,73,True,0.467,0.958,-4.808,145.92,0.0775,0.000479,0.199,0.701,0.299
1hEh8Hc9lBAFWUghHBsCel,basmerbel,Porcelain,['Moby'],238.92,False,70,True,0.515,0.613,-8.423,94.925,0.0305,0.00147,0.202,0.357,0.449
3llxqT4IdBS7i2CCIPImww,basmerbel,Why Does My Heart Feel so Bad?,['Moby'],263.56,False,64,True,0.338,0.597,-8.048,97.884,0.0515,0.00106,0.157,0.0393,0.0846
4ChBLndekjzQveHPsn3r6W,basmerbel,Let It Be (feat. Veela),"['Blackmill', 'Veela']",363.433,False,52,True,0.518,0.584,-7.951,139.936,0.032,0.0134,0.0215,0.182,0.0964
4FXj4ZKMO2dSkqiAhV7L8t,basmerbel,Evil Beauty,['Blackmill'],228.004,False,45,True,0.652,0.581,-8.511,139.982,0.0353,0.337,0.000101,0.456,0.0857
6eRPYyh1EPRqDhgb3Nardw,basmerbel,Spirit of Life,['Blackmill'],375.433,False,49,True,0.537,0.596,-8.481,140.026,0.0343,0.276,0.77,0.109,0.358
1u8c2t2Cy7UBoG4ArRcF5g,basmerbel,Blank Space,['Taylor Swift'],231.826,False,85,True,0.76,0.703,-5.412,95.997,0.054,0.103,0.0,0.57,0.0913
1kKlhuQE0HXp1IwBRpaH2P,basmerbel,Shake It Off,['Taylor Swift'],219.2,False,57,True,0.648,0.785,-5.414,160.02,0.165,0.0561,0.0,0.943,0.148
3lKZf71jeNi14udIFPJ29V,basmerbel,I Knew You Were Trouble.,['Taylor Swift'],219.72,False,61,True,0.622,0.469,-6.798,77.019,0.0363,0.00454,2.25e-06,0.679,0.0335
6kISMRfweKSvgHR0urMQFG,basmerbel,We Are Never Ever Getting Back Together,['Taylor Swift'],193.146,False,61,True,0.628,0.676,-5.911,85.984,0.0916,0.00957,2.65e-05,0.75,0.121
1ZxakFiRaOFj6CDarCxozU,basmerbel,Subways,['The Avalanches'],190.906,False,47,True,0.485,0.874,-6.821,111.74,0.0827,0.181,0.0166,0.528,0.651
1jJci4qxiYcOHhQR247rEU,basmerbel,Kids,['MGMT'],302.84,False,79,True,0.451,0.931,-3.871,122.961,0.0719,0.00076,0.0049,0.172,0.361
4iG2gAwKXsOcijVaVXzRPW,basmerbel,Time to Pretend,['MGMT'],261.0,True,72,True,0.438,0.94,-3.249,100.99,0.0452,8.74e-05,0.0777,0.421,0.3
5r5cp9IpziiIsR6b93vcnQ,basmerbel,Walking On A Dream,['Empire of the Sun'],198.44,False,79,True,0.871,0.701,-5.594,126.975,0.0458,0.257,7.52e-06,0.716,0.0589
0Ja4hLKiUSw01E01pJ1yGr,basmerbel,Breathe,['The Prodigy'],336.28,False,66,True,0.673,0.808,-6.183,130.041,0.0491,0.0121,0.878,0.303,0.037
144adL7pGHEWRwute2wxzZ,basmerbel,Omen,['The Prodigy'],216.026,False,59,True,0.545,0.953,-5.172,140.002,0.0441,0.000941,0.117,0.558,0.281
244AvzGQ4Ksa5637JQu5Gy,basmerbel,You've Got The Love,['Florence + The Machine'],168.666,False,72,True,0.574,0.694,-4.697,109.85,0.0327,0.00481,0.0,0.401,0.102
3prlbHPeEgLmUihLu5twTc,basmerbel,Acid Mountain,['Moon Hooch'],195.673,False,42,True,0.545,0.824,-5.228,132.066,0.0393,0.000231,0.107,0.687,0.0555
1YT8xkroYGNLGR4qhuWLC4,basmerbel,Number 9,['Moon Hooch'],265.946,False,42,True,0.546,0.771,-7.56,130.224,0.116,0.0117,0.351,0.701,0.335
45h4w81P5iJJTSeR0jJUQ8,basmerbel,She,['dodie'],213.611,False,67,True,0.479,0.154,-15.051,92.457,0.0369,0.755,0.0261,0.232,0.11
2MKIadkPrRqaivpyn6cnI0,basmerbel,Monster,['dodie'],245.847,False,58,True,0.831,0.606,-7.694,100.013,0.107,0.694,0.000109,0.944,0.0635
6zeE5tKyr8Nu882DQhhSQI,basmerbel,Dust in the Wind,['Kansas'],206.266,False,77,True,0.475,0.322,-10.687,93.503,0.0283,0.367,0.00056,0.387,0.11
48wH8bAxvBJO2l14GmNLz7,basmerbel,Wait for the Moment,['Vulfpeck'],230.676,False,59,True,0.773,0.36,-9.722,79.207,0.0955,0.501,0.00409,0.681,0.0823
1DrlLvlYd1FIjNavRm6NdX,basmerbel,Back Pocket,['Vulfpeck'],181.259,False,62,True,0.839,0.585,-7.738,89.821,0.153,0.478,0.00281,0.89,0.0435
4L2F0LcDVtNrFc1K4lmx3m,basmerbel,Distant Past,['Everything Everything'],221.693,False,52,True,0.694,0.812,-6.473,129.988,0.0355,0.0666,0.000533,0.522,0.211
3cfOd4CMv2snFaKAnMdnvK,basmerbel,All Star,['Smash Mouth'],200.373,False,80,True,0.731,0.867,-5.881,104.019,0.032,0.0395,0.0,0.776,0.0861
0C9jZPUv4SuaXkuEQw6L40,basmerbel,I'm A Believer,['Smash Mouth'],185.306,False,68,True,0.549,0.981,-3.558,82.331,0.059,0.0178,1.8e-06,0.873,0.438
1mCmHiSivRYNDghiq1lfnz,basmerbel,Bad Kingdom,['Moderat'],262.84,False,57,True,0.425,0.657,-8.143,118.018,0.0572,0.00231,0.888,0.261,0.286
1fmoCZ6mtMiqA5GHWPcZz9,basmerbel,A New Error,['Moderat'],367.306,False,62,True,0.717,0.46,-11.326,110.993,0.0372,0.0287,0.785,0.0961,0.0661
52pduFPbWVQ4zqBVhCj9z2,basmerbel,Therapy,['Moderat'],345.242,False,49,True,0.657,0.63,-8.885,110.008,0.0449,0.149,0.834,0.106,0.406
5UWwZ5lm5PKu6eKsHAGxOk,basmerbel,Everlong,['Foo Fighters'],250.546,False,81,True,0.413,0.881,-5.541,158.066,0.0367,5.99e-05,0.000308,0.364,0.0805
6tsojOQ5wHaIjKqIryLZK6,basmerbel,All My Life,['Foo Fighters'],263.44,False,73,True,0.577,0.604,-5.703,167.719,0.0495,0.000218,0.000579,0.637,0.477
5OQsiBsky2k2kDKy2bX2eT,basmerbel,Learn to Fly,['Foo Fighters'],235.293,False,77,True,0.465,0.919,-4.025,135.997,0.0408,1.83e-05,2.07e-05,0.537,0.262
2hnMS47jN0etwvFPzYk11f,basmerbel,Santeria,['Sublime'],182.746,False,78,True,0.682,0.765,-5.021,90.807,0.0395,0.0268,3.42e-05,0.567,0.188
1FkoVC85Ds3mFoK0fVqEqP,basmerbel,Self Esteem,['The Offspring'],257.826,False,77,True,0.488,0.862,-7.595,104.56,0.0476,0.0204,0.0,0.706,0.359
6TfBA04WJ3X1d1wXhaCFVT,basmerbel,"You're Gonna Go Far, Kid",['The Offspring'],177.826,True,80,True,0.55,0.917,-3.159,126.115,0.0638,0.00428,0.0,0.601,0.197
7APUbQmoVV9Id3EFE4zUoG,11140450740,Cold Harsh Air,"['S.P.Y', 'Total Science', 'Grimm']",293.405,False,23,True,0.402,0.948,-5.052,175.067,0.0395,0.000391,0.423,0.6,0.25
4EchqUKQ3qAQuRNKmeIpnf,basmerbel,The Kids Aren't Alright,['The Offspring'],180.16,False,79,True,0.523,0.943,-4.203,99.607,0.0337,0.00704,3.81e-05,0.766,0.0579
5oLOgSExVFBBzYTXVblcwu,basmerbel,Mr Tembo,['Damon Albarn'],223.84,False,45,True,0.744,0.555,-9.933,92.084,0.166,0.182,0.0,0.833,0.666
0GSU6yLOJqO10ziQuBLWOE,basmerbel,One Day (Vandaag) - Radio Edit,['Bakermat'],219.333,False,65,True,0.656,0.594,-6.043,127.992,0.0307,0.716,0.0802,0.57,0.376
74p1Dr6LeP3UpD7N7btbK9,basmerbel,Baianá,['Bakermat'],180.842,False,54,True,0.587,0.722,-6.983,121.964,0.0709,0.000754,0.668,0.466,0.543
4OuuTwky6Lupc7zDJNtig6,basmerbel,Uitzicht,['Bakermat'],308.928,False,51,True,0.807,0.425,-8.452,125.987,0.0656,0.0169,0.891,0.66,0.0614
4YRvb9B8cgvhst11qk8CKn,basmerbel,Sonnentanz,['Klangkarussell'],360.146,False,63,True,0.646,0.359,-10.388,119.885,0.155,0.247,0.914,0.154,0.0872
7FGho3Adev1y2hTB949PGv,basmerbel,Netzwerk (Falls Like Rain),['Klangkarussell'],228.973,False,57,True,0.55,0.749,-5.402,128.011,0.0403,0.004,8.74e-05,0.221,0.231
4miEWOFH4QrmWSh6xjtBqC,basmerbel,Glue,['Bicep'],269.149,False,9,True,0.85,0.827,-6.937,129.964,0.0636,0.0159,0.944,0.419,0.0963
6zaqxHMrQC3w03wQBPMqXV,basmerbel,Target Line,"['Rødhåd', 'Vril']",485.458,False,33,True,0.605,0.74,-10.426,128.0,0.0313,0.000713,0.695,0.0657,0.112
0ISxyAhfop0MoMeAUw72RN,basmerbel,The Bells,['Jeff Mills'],285.413,False,45,True,0.616,0.995,-3.647,137.514,0.114,0.000372,0.952,0.772,0.112
2h7QQElCjDcPKoYhUooTGz,basmerbel,Dumpster,['Perc'],369.475,False,5,True,0.874,0.879,-8.654,130.004,0.0619,0.000636,0.916,0.25,0.119
425aJX4cU4eufuAFBCnrrZ,basmerbel,Take Your Body Off,['Perc'],362.154,False,6,True,0.698,0.773,-8.683,128.003,0.0322,4.03e-05,0.914,0.0387,0.0467
4BBJIOZIz1F7mehcQgNJ8e,basmerbel,On Request,['Karenn'],423.138,False,28,True,0.677,0.676,-11.618,133.985,0.0814,0.0372,0.828,0.16,0.316
1ixoqdjhLHhVy4kSUtxkFA,basmerbel,Collider - Karenn Remix,"['Jon Hopkins', 'Karenn']",399.826,False,23,True,0.768,0.753,-7.213,135.028,0.1,0.0264,0.894,0.545,0.336
6XeNfVpkrE1Ai9CQWo4cgu,basmerbel,LET’S DO IT AGAIN,['Jamie xx'],439.441,False,53,True,0.683,0.757,-8.808,124.003,0.0354,0.07,0.874,0.31,0.112
3pR2o9Qug5qhaFUF8zqsFY,11140450740,Gemini,"['What So Not', 'George Maple']",270.257,False,28,True,0.481,0.687,-6.748,145.971,0.0699,0.238,0.11,0.188,0.107
2Fxmhks0bxGSBdJ92vM42m,31hbrww3peprl3puzzaqqf6yfycy,bad guy,['Billie Eilish'],194.087,False,84,True,0.701,0.425,-10.965,135.128,0.375,0.328,0.13,0.562,0.1
75CLNW6Goi8LZ6rYGDmfHS,31hbrww3peprl3puzzaqqf6yfycy,Have You Ever Been Mellow,['Party Animals'],188.003,False,49,True,0.601,0.955,-4.338,171.579,0.0517,0.196,0.898,0.568,0.25
1fGqXnx6lkyfCUTORlPYT6,31hbrww3peprl3puzzaqqf6yfycy,Children Of The Night - Radio Edit,['Nakatomi'],246.106,False,49,True,0.592,0.894,-6.236,171.39,0.0653,0.00198,0.000159,0.654,0.0833
6Phug5Bw0QShaFvRMeBVzZ,31hbrww3peprl3puzzaqqf6yfycy,Walk on Water - H2O Radio Mix,['Milk Inc.'],192.68,False,55,True,0.733,0.79,-8.482,140.928,0.0588,0.0938,4.86e-06,0.428,0.152
4sTIDPmWF7UL7qK1Ya1iM6,31hbrww3peprl3puzzaqqf6yfycy,Turbo (feat. New Kids),"['Paul Elstak', 'New Kids']",213.948,False,48,True,0.429,0.849,-6.956,173.059,0.0454,0.0403,0.26,0.368,0.0965
4KcH1ZRV2W1q7Flq0QqC76,31hbrww3peprl3puzzaqqf6yfycy,Blitzkrieg Bop - 2016 Remaster,['Ramones'],134.466,False,72,True,0.385,0.783,-2.533,176.701,0.233,0.000269,0.47,0.902,0.108
4XYWfcVGfxv1sm1ch1TRud,31hbrww3peprl3puzzaqqf6yfycy,Chaos in Nijmegen - Remastered,['The Squats'],145.91,False,1,True,0.382,0.762,-9.464,136.247,0.0763,0.00474,0.0,0.271,0.351
2hHLbkatPwOOmrNxTiD41L,31hbrww3peprl3puzzaqqf6yfycy,I Really Like You,['Carly Rae Jepsen'],204.763,False,70,True,0.62,0.805,-5.538,122.062,0.0417,0.00564,9.15e-05,0.586,0.285
5cY8y2XgOfkAh4kSWLFKkz,31hbrww3peprl3puzzaqqf6yfycy,I Write Sins Not Tragedies,['Panic! At The Disco'],185.586,False,71,True,0.566,0.815,-4.481,169.961,0.14,0.0737,0.0,0.672,0.12
3l9CW99AHtExIRV4hW2N5m,31hbrww3peprl3puzzaqqf6yfycy,Misery Business,['Paramore'],211.52,False,73,True,0.517,0.906,-3.677,172.977,0.0735,0.00272,9.26e-06,0.731,0.113
0COqiPhxzoWICwFCS4eZcp,31hbrww3peprl3puzzaqqf6yfycy,Bring Me To Life,['Evanescence'],235.893,False,81,True,0.331,0.943,-3.188,94.612,0.0698,0.00721,2.06e-06,0.296,0.242
0gmbgwZ8iqyMPmXefof8Yf,31hbrww3peprl3puzzaqqf6yfycy,How You Remind Me,['Nickelback'],223.84,False,79,True,0.446,0.764,-5.042,172.094,0.033,0.00135,0.0,0.543,0.099
32Ky5QCRtwYJJXuLwoGufj,31hbrww3peprl3puzzaqqf6yfycy,Monsoon,['Tokio Hotel'],241.426,False,55,True,0.58,0.731,-5.299,111.982,0.0293,0.0204,0.0,0.164,0.21
3hb2ScEVkGchcAQqrPLP0R,31hbrww3peprl3puzzaqqf6yfycy,Photograph,['Nickelback'],258.92,False,69,True,0.515,0.876,-3.756,145.916,0.0292,0.000932,0.000166,0.385,0.136
3dXNrqnhNUPdrkvnj8TjvX,basmerbel,At Home,['Crystal Fighters'],306.44,False,38,True,0.65,0.894,-4.788,105.014,0.0308,0.105,0.13,0.35,0.123
3CjqPzG6sUMTzVAcA2bdKS,1pat8ir5aqzhzvs7ygs1jp8ga,Jumpin',['Doss'],325.454,False,35,True,0.717,0.694,-10.35,132.005,0.0362,0.0158,0.928,0.0853,0.118
5UqCQaDshqbIk3pkhy4Pjg,31hbrww3peprl3puzzaqqf6yfycy,Levels - Radio Edit,['Avicii'],199.906,False,79,True,0.584,0.889,-5.941,126.04,0.0343,0.0462,0.828,0.464,0.309
0nrRP2bk19rLc0orkWPQk2,31hbrww3peprl3puzzaqqf6yfycy,Wake Me Up,['Avicii'],247.426,False,86,True,0.532,0.783,-5.697,124.08,0.0523,0.0038,0.0012,0.643,0.161
6VRhkROS2SZHGlp0pxndbJ,31hbrww3peprl3puzzaqqf6yfycy,Bangarang (feat. Sirah),"['Skrillex', 'Sirah']",215.253,True,71,True,0.716,0.972,-2.302,110.026,0.196,0.0145,3.22e-05,0.576,0.317
02FuO3zDHGFAz0yP7HHGvy,31hbrww3peprl3puzzaqqf6yfycy,Cinema - Skrillex Remix,"['Benny Benassi', 'Gary Go', 'Skrillex']",307.862,False,63,True,0.637,0.985,-3.809,145.111,0.184,0.00988,0.00857,0.374,0.0649
6YUTL4dYpB9xZO5qExPf05,31hbrww3peprl3puzzaqqf6yfycy,Summer,['Calvin Harris'],222.533,False,84,True,0.596,0.856,-3.556,127.949,0.0346,0.0211,0.0178,0.743,0.141
22mek4IiqubGD9ctzxc69s,31hbrww3peprl3puzzaqqf6yfycy,How Deep Is Your Love,"['Calvin Harris', 'Disciples']",212.64,False,77,True,0.738,0.868,-4.373,122.003,0.0731,0.0392,0.00169,0.336,0.388
4rHZZAmHpZrA3iH5zx8frV,31hbrww3peprl3puzzaqqf6yfycy,Mirrors,['Justin Timberlake'],484.146,False,78,True,0.574,0.512,-6.664,76.899,0.0503,0.234,0.0,0.512,0.0946
3AznTGybdNhTBJWoZgx9tg,31hbrww3peprl3puzzaqqf6yfycy,How Much Is the Fish?,['Scooter'],226.2,False,47,True,0.533,0.999,-4.644,140.014,0.0786,0.0013,0.00444,0.615,0.348
0ZqveF2rEFlz2oqF2xrriP,31hbrww3peprl3puzzaqqf6yfycy,The Riddle,"[""Gigi D'Agostino""]",285.426,False,65,True,0.74,0.876,-6.87,127.002,0.0369,0.0173,0.00152,0.825,0.0785
5Z9KJZvQzH6PFmb8SNkxuk,11140450740,INDUSTRY BABY (feat. Jack Harlow),"['Lil Nas X', 'Jack Harlow']",212.352,True,83,True,0.741,0.691,-7.395,150.087,0.0672,0.0221,0.0,0.892,0.0476
2sXp9Qmvc7mRaDBjBgcGGi,11140450740,Every Breath You Take - Remastered 2003,['The Police'],253.886,False,0,True,0.813,0.46,-9.78,117.387,0.0346,0.56,0.0105,0.729,0.0724
7v9VgPcjy7gPRsHZjKPUhU,11140450740,Breezeblocks,['alt-J'],227.08,False,72,True,0.615,0.658,-7.299,150.093,0.0343,0.096,0.000911,0.293,0.205
1PpfeNl5uYRBhfFcig2Uz6,rauwedouwe,19-2000 - Soulchild Remix,['Gorillaz'],209.386,False,56,True,0.673,0.897,-3.986,102.045,0.0512,0.194,0.0,0.892,0.299
3nEHrvNNtgLv9rneTAYVr4,rauwedouwe,Heaven Takes You Home (feat. Connie Constance),"['Swedish House Mafia', 'Connie Constance']",214.071,False,81,True,0.665,0.738,-5.931,125.037,0.0379,0.0124,0.00598,0.0389,0.0923
4GfPkTIFaiI8wmc0lgTDzi,rauwedouwe,To Tomorrow,['Goldkimono'],204.085,False,50,True,0.663,0.689,-7.464,94.988,0.0405,0.341,0.000122,0.549,0.396
0sf12qNH5qcw8qpgymFOqD,rauwedouwe,Blinding Lights,['The Weeknd'],201.573,False,19,True,0.513,0.796,-4.075,171.017,0.0629,0.00147,0.000209,0.345,0.0938
6cy3ki60hLwimwIje7tALf,rauwedouwe,RITMO (Bad Boys For Life),"['Black Eyed Peas', 'J Balvin']",221.714,True,75,True,0.721,0.716,-7.037,104.994,0.0657,0.0334,0.00084,0.667,0.237
550DnKQTJZDTTE4kmjDlno,rauwedouwe,Kwijt,['Donnie'],246.0,False,27,True,0.702,0.613,-10.157,99.919,0.269,0.0569,2.47e-05,0.741,0.15
7gfAYm7X5HMSuKcO4dy8Wi,rauwedouwe,Loco in Acapulco,['Four Tops'],274.066,False,63,True,0.818,0.705,-9.609,123.436,0.0329,0.413,0.0,0.965,0.0269
1Mmp2ZWXqp7MbA7pgNZNSO,rauwedouwe,Take A Chance,"['Flume', 'Little Dragon']",328.63,False,0,True,0.415,0.515,-6.282,107.952,0.0834,0.324,0.000208,0.346,0.152
2j2fIJGh4PMdXt9ULI5Tlc,rauwedouwe,Dura,['Daddy Yankee'],200.48,False,0,True,0.786,0.846,-3.468,95.005,0.0505,0.174,0.0,0.819,0.413
58q2HKrzhC3ozto2nDdN4z,rauwedouwe,I Like It,"['Cardi B', 'Bad Bunny', 'J Balvin']",253.39,True,80,True,0.816,0.726,-3.998,136.048,0.129,0.099,0.0,0.65,0.372
2E2g6up6nOvnchNehqjvB7,rauwedouwe,Outta Control - Remix,"['50 Cent', 'Mobb Deep']",246.826,True,0,True,0.77,0.538,-8.129,92.011,0.275,0.0247,0.0,0.537,0.119
1H1d4dr7Hk5Rrd8Tb5y5yr,rauwedouwe,One More Time / Aerodynamic,['Daft Punk'],370.533,False,50,True,0.45,0.846,-9.996,124.239,0.102,0.038,0.266,0.414,0.222
5eS6pTvDNOvh2kyxeZtK3r,rauwedouwe,Robot Rock / Oh Yeah,['Daft Punk'],387.506,False,49,True,0.479,0.678,-12.17,116.033,0.0758,0.00018,0.661,0.227,0.421
6cSRJnXBLWLptPBHULnuCu,rauwedouwe,Operaz,"['Chinese Man', 'Tha Trickaz', 'Youthstar', 'ASM']",202.7,False,38,True,0.461,0.862,-4.229,75.023,0.33,0.0408,3.67e-06,0.529,0.118
7mze3mJmu79AJu8SnS37pS,rauwedouwe,Aicha,"['Outlandish', 'Isam Bachiri', 'Waqas', 'Lenny Martinez']",275.68,False,58,True,0.745,0.64,-5.494,86.981,0.0526,0.21,5.1e-05,0.612,0.112
53oDkbGMYWJzXhP8RG1sxl,rauwedouwe,"JE HAAT GEEN MAANDAG, JE HAAT KAPITALISME",['Hang Youth'],125.016,False,36,True,0.351,0.313,-13.959,78.985,0.0468,0.0303,9.05e-06,0.119,0.12
6iNFMZfxFMiMkRd4xHNXQt,rauwedouwe,BELASTINGDIENST,['Hang Youth'],67.61,False,40,True,0.443,0.82,-8.527,95.112,0.153,0.00459,0.0,0.686,0.212
5HC5jTe2yGDmvH5xWiv3MH,rauwedouwe,SHELL IS EEN PRIMA BEDRIJF (ALS IK DE WEBSITE MAG GELOVEN),['Hang Youth'],49.194,False,36,True,0.192,0.728,-7.958,196.535,0.143,0.0346,0.000132,0.542,0.39
4qsAYBCJnu2OkTKUVbbOF1,1pat8ir5aqzhzvs7ygs1jp8ga,Free Bird,['Lynyrd Skynyrd'],558.933,False,59,True,0.279,0.852,-7.838,117.418,0.0511,0.0119,0.076,0.438,0.0624
7M0GDtHcuJrTMWtnSs48I3,1pat8ir5aqzhzvs7ygs1jp8ga,Made To Stray,['Mount Kimbie'],286.76,False,46,True,0.838,0.714,-5.471,128.985,0.174,0.667,0.841,0.368,0.0673
0GTK6TesV108Jj5D3MHsYb,1pat8ir5aqzhzvs7ygs1jp8ga,Owner of a Lonely Heart,['Yes'],268.506,False,72,True,0.744,0.798,-5.981,125.061,0.0364,0.175,0.00367,0.89,0.26
2aJDlirz6v2a4HREki98cP,1pat8ir5aqzhzvs7ygs1jp8ga,Glue,['Bicep'],269.149,False,74,True,0.853,0.798,-7.995,129.983,0.068,0.0158,0.948,0.42,0.0967
5Z8Dj3LtbyCMiwE86rhg2f,1pat8ir5aqzhzvs7ygs1jp8ga,Marea (we’ve lost dancing),"['Fred again..', 'The Blessed Madonna']",285.375,False,69,True,0.761,0.781,-6.778,123.023,0.141,0.0681,0.108,0.473,0.0607
0wPfUQUkWcguy2iUH0BWOT,1pat8ir5aqzhzvs7ygs1jp8ga,Baby,['Four Tet'],264.464,False,51,True,0.792,0.576,-9.947,127.066,0.248,0.487,0.00325,0.053,0.0972
6pAfAhSBOeNi5Tw8AfB5RQ,1pat8ir5aqzhzvs7ygs1jp8ga,Delicious Things,['Wolf Alice'],304.279,False,58,True,0.467,0.5,-5.608,121.209,0.0358,0.147,0.0247,0.279,0.284
2ownDSIYHvydbtauGZW4ln,1pat8ir5aqzhzvs7ygs1jp8ga,You Will Never Work In Television Again,['The Smile'],168.172,True,59,True,0.338,0.828,-6.377,176.842,0.1,0.00198,0.023,0.198,0.0996
3Nlq1iM31vOPARfaS43CUc,1pat8ir5aqzhzvs7ygs1jp8ga,In For The Kill - Skream's Let's Get Ravey Remix,"['La Roux', 'Skream']",304.36,False,47,True,0.385,0.595,-5.447,145.587,0.0462,0.0033,0.355,0.083,0.0611
0Ln5tJyLX5qusquBOtq7wf,1pat8ir5aqzhzvs7ygs1jp8ga,Fire,['Kasabian'],252.279,False,67,True,0.525,0.742,-5.643,117.029,0.0311,0.0874,0.149,0.179,0.117
1FTSo4v6BOZH9QxKc3MbVM,1pat8ir5aqzhzvs7ygs1jp8ga,Song 2 - 2012 Remaster,['Blur'],121.16,False,77,True,0.674,0.789,-6.903,129.802,0.0676,0.00178,0.00708,0.918,0.0753
4J9udfL2d2OCdHieH0s9Ec,1pat8ir5aqzhzvs7ygs1jp8ga,Circle Of Smiles - Main Theme from 'BAANTJER',['Toots Thielemans'],181.596,False,28,True,0.453,0.192,-16.282,76.191,0.0265,0.646,0.0836,0.201,0.117
0qRR9d89hIS0MHRkQ0ejxX,1pat8ir5aqzhzvs7ygs1jp8ga,Rich Girl,['Daryl Hall & John Oates'],142.786,False,74,True,0.573,0.683,-6.644,169.519,0.176,0.461,0.0,0.817,0.0935
14XWXWv5FoCbFzLksawpEe,1pat8ir5aqzhzvs7ygs1jp8ga,Riders on the Storm,['The Doors'],434.72,False,73,True,0.55,0.722,-11.729,103.886,0.0283,0.25,0.0129,0.716,0.11
6J1vX9N2REmUcaqnSVF5An,1pat8ir5aqzhzvs7ygs1jp8ga,Echte Vrienden,['BZB'],131.6,False,42,True,0.572,0.74,-6.666,142.169,0.0303,0.0183,5.53e-05,0.942,0.0763
2lM43AfRQWwQ6SDmOJ5Zwc,1pat8ir5aqzhzvs7ygs1jp8ga,Kaputt,['Destroyer'],377.973,False,41,True,0.648,0.721,-8.918,109.992,0.0342,0.0755,0.122,0.555,0.169
54bl6pSG2DUuBPcVIM8NDT,1pat8ir5aqzhzvs7ygs1jp8ga,In the Sun,['She & Him'],170.613,False,40,True,0.607,0.818,-5.935,111.985,0.0322,0.356,0.00646,0.629,0.0689
48vDCZIRmrFO33fH4QU4ij,1pat8ir5aqzhzvs7ygs1jp8ga,Smack My Bitch Up,['The Prodigy'],343.386,True,63,True,0.604,0.995,-3.641,136.216,0.164,0.00306,0.626,0.262,0.109
6adjXENHRzh4uyVziFlVGm,1pat8ir5aqzhzvs7ygs1jp8ga,Beginner's Luck,['Maribou State'],268.027,False,55,True,0.561,0.573,-10.104,81.979,0.0488,0.606,0.854,0.243,0.218
7KX65PC1UZuImsUInThbav,1pat8ir5aqzhzvs7ygs1jp8ga,Cold Little Heart - Radio Edit,['Michael Kiwanuka'],210.299,False,69,True,0.629,0.58,-6.208,110.264,0.0278,0.357,0.000353,0.655,0.436
0PfR5qCmwobwbpXL3vaqPm,1pat8ir5aqzhzvs7ygs1jp8ga,Changes,['Mala'],410.973,False,39,True,0.682,0.538,-11.363,138.999,0.0414,0.000693,0.829,0.0946,0.0765
78kyRJek35U3dIHsRisrJc,1pat8ir5aqzhzvs7ygs1jp8ga,10 Miljoen,['Samson & Gert'],175.933,False,36,True,0.696,0.788,-11.977,82.939,0.0394,0.575,4.27e-05,0.961,0.147
6BqWhxll86CGGE6WxgdRqG,1pat8ir5aqzhzvs7ygs1jp8ga,Golden Skans,['Klaxons'],165.12,False,65,True,0.463,0.836,-2.776,141.955,0.0381,0.000418,7.38e-06,0.713,0.25
3GNTPWY8u9WBdTrf6Jx5f6,1pat8ir5aqzhzvs7ygs1jp8ga,Flux,['Bloc Party'],216.613,False,54,True,0.49,0.963,-3.755,152.029,0.148,0.00052,0.00281,0.317,0.055
7AB0cUXnzuSlAnyHOqmrZr,1pat8ir5aqzhzvs7ygs1jp8ga,Faint,['Linkin Park'],162.6,False,66,True,0.554,0.978,-3.554,135.095,0.131,0.111,0.0,0.594,0.0731
2A7GGXmTlXuH9LOvBXgOX4,1pat8ir5aqzhzvs7ygs1jp8ga,Champagne Supernova - Remastered,['Oasis'],451.32,False,68,True,0.293,0.817,-3.786,150.249,0.039,0.458,0.0509,0.138,0.355
2io1bXJZIVKkvCWV019V0f,1pat8ir5aqzhzvs7ygs1jp8ga,HyperParadise - Flume Remix,"['Hermitude', 'Flume']",268.306,False,54,True,0.603,0.827,-7.372,144.989,0.0718,0.0453,0.619,0.312,0.0833
1OZSVl0JJ1MBzibpuhmmXb,1pat8ir5aqzhzvs7ygs1jp8ga,One Day Like This,['Elbow'],394.173,False,65,True,0.425,0.651,-6.131,159.363,0.0287,0.105,0.0,0.366,0.138
2qcPsPqgTpl1KYgVptu3Oc,1pat8ir5aqzhzvs7ygs1jp8ga,Victim of Love,"['Charles Bradley', 'Menahan Street Band']",210.887,False,48,True,0.479,0.417,-7.263,140.658,0.0325,0.726,0.0,0.387,0.0831
7yWdsy6UHRTun4hkJZJYNq,1pat8ir5aqzhzvs7ygs1jp8ga,Dogs - 2011 Remaster,['Pink Floyd'],1025.026,False,50,True,0.32,0.359,-16.21,129.438,0.047,0.072,0.00685,0.155,0.119
4Z4i631BesV0P6LTvfLAdL,1pat8ir5aqzhzvs7ygs1jp8ga,Talk to Me You'll Understand,['Ross from Friends'],417.099,False,53,True,0.741,0.619,-11.366,126.008,0.0514,0.661,0.674,0.146,0.125
33yAEqzKXexYM3WlOYtTfQ,1pat8ir5aqzhzvs7ygs1jp8ga,D.A.N.C.E,['Justice'],242.266,False,67,True,0.613,0.962,-5.07,113.015,0.278,0.034,0.0,0.496,0.824
2RnPATK99oGOZygnD2GTO6,1pat8ir5aqzhzvs7ygs1jp8ga,With A Little Help From My Friends - Remastered 2009,['The Beatles'],164.106,False,66,True,0.705,0.515,-9.343,112.035,0.0337,0.365,0.0,0.803,0.389
3pacfC2tJMJsrKk2baf5Bn,1pat8ir5aqzhzvs7ygs1jp8ga,NY Is Killing Me,"['Gil Scott-Heron', 'Jamie xx']",343.866,False,43,True,0.791,0.559,-9.098,140.024,0.136,0.00698,0.0187,0.15,0.0794
2qT1uLXPVPzGgFOx4jtEuo,1pat8ir5aqzhzvs7ygs1jp8ga,no tears left to cry,['Ariana Grande'],205.92,False,78,True,0.699,0.713,-5.507,121.993,0.0594,0.04,3.11e-06,0.354,0.294
7vS3Y0IKjde7Xg85LWIEdP,1pat8ir5aqzhzvs7ygs1jp8ga,Problem,"['Ariana Grande', 'Iggy Azalea']",193.92,False,75,True,0.66,0.805,-5.352,103.008,0.153,0.0192,8.83e-06,0.625,0.159
3vq4rG9kAtCk1QHfUM1fvR,1pat8ir5aqzhzvs7ygs1jp8ga,Ernie,"[""Fat Freddy's Drop""]",437.2,False,53,True,0.6,0.365,-13.083,130.051,0.0498,0.0672,0.586,0.132,0.0921
70fBs1HIpcAoQH0jUXgFRY,1pat8ir5aqzhzvs7ygs1jp8ga,Mixtion - Original Mix,['UVB'],390.417,False,29,True,0.626,0.947,-8.331,135.363,0.0443,0.269,0.916,0.372,0.156
4ZuC5MfGjRQs3pZtPxqMYP,1pat8ir5aqzhzvs7ygs1jp8ga,Shadowplay - 2007 Remaster,['Joy Division'],233.719,False,58,True,0.433,0.756,-7.855,145.443,0.0565,0.000997,0.761,0.117,0.124
2ej1A2Ze6P2EOW7KfIosZR,1pat8ir5aqzhzvs7ygs1jp8ga,Feather (feat. Cise Starr & Akin from CYNE),"['Nujabes', 'Cise Star', 'Akin']",175.36,False,62,True,0.565,0.749,-6.629,180.598,0.0769,0.655,0.432,0.881,0.106
7iHIbOhn3N0AZF5Tky6DhM,1pat8ir5aqzhzvs7ygs1jp8ga,Careless,['Dusky'],391.685,False,48,True,0.77,0.894,-8.102,120.986,0.0487,0.000197,0.898,0.683,0.0455
6BL4PpswVjH9BAajbIbpmZ,1pat8ir5aqzhzvs7ygs1jp8ga,Tomorrow Comes Today,['Gorillaz'],193.6,False,61,True,0.751,0.596,-4.594,93.213,0.0301,0.0071,0.589,0.57,0.103
71koAFCnGnugRdGIDfS7f4,1pat8ir5aqzhzvs7ygs1jp8ga,19-2000,['Gorillaz'],210.88,False,65,True,0.815,0.72,-7.311,89.914,0.0536,0.177,7.31e-06,0.946,0.16
07sxccsfOMu3ZiNG31pn4d,1pat8ir5aqzhzvs7ygs1jp8ga,Insomnia - Radio Edit,['Faithless'],215.64,False,55,True,0.714,0.938,-7.305,126.822,0.0369,0.0602,0.265,0.53,0.379
7xQYVjs4wZNdCwO0EeAWMC,1pat8ir5aqzhzvs7ygs1jp8ga,Born Slippy (Nuxx),['Underworld'],456.48,False,66,True,0.576,0.953,-8.968,140.042,0.0362,0.00106,0.49,0.303,0.474
7JRN5xOUIrnI4crUMOt6X4,1pat8ir5aqzhzvs7ygs1jp8ga,Drone Logic,['Daniel Avery'],429.453,False,45,True,0.648,0.712,-7.222,114.027,0.0333,0.131,0.843,0.104,0.287
2DFRFqWNahKtFD112H2iEZ,1pat8ir5aqzhzvs7ygs1jp8ga,Do You Realize??,['The Flaming Lips'],213.173,False,62,True,0.464,0.797,-5.244,129.964,0.0333,0.006,0.000304,0.547,0.392
6y20BV5L33R8YXM0YuI38N,1pat8ir5aqzhzvs7ygs1jp8ga,No One Knows,['Queens of the Stone Age'],278.746,False,72,True,0.509,0.584,-4.907,170.411,0.057,0.0368,9.96e-05,0.685,0.384
37Tmv4NnfQeb0ZgUC4fOJj,1pat8ir5aqzhzvs7ygs1jp8ga,Sultans Of Swing,['Dire Straits'],348.4,False,81,True,0.733,0.794,-10.023,148.174,0.0307,0.0614,0.0367,0.931,0.33
003vvx7Niy0yvhvHt4a68B,1pat8ir5aqzhzvs7ygs1jp8ga,Mr. Brightside,['The Killers'],222.973,False,86,True,0.352,0.911,-5.23,148.033,0.0747,0.00121,0.0,0.236,0.0995
48UPSzbZjgc449aqz8bxox,1pat8ir5aqzhzvs7ygs1jp8ga,Californication,['Red Hot Chili Peppers'],329.733,False,82,True,0.592,0.767,-2.788,96.483,0.027,0.0021,0.00165,0.328,0.127
4CeeEOM32jQcH3eN9Q2dGj,1pat8ir5aqzhzvs7ygs1jp8ga,Smells Like Teen Spirit,['Nirvana'],301.92,False,83,True,0.502,0.912,-4.556,116.761,0.0564,2.55e-05,0.000173,0.72,0.106
1OVlVp5Qa9ttGHjVk3mxnR,1pat8ir5aqzhzvs7ygs1jp8ga,Tangents,['Simian Mobile Disco'],394.08,False,26,True,0.637,0.653,-10.16,114.991,0.032,0.00811,0.813,0.0674,0.313
7uQ7e7nzbtyX87eIYHpj6Z,1pat8ir5aqzhzvs7ygs1jp8ga,De Diepte,['S10'],176.603,False,71,True,0.502,0.397,-8.819,90.043,0.0282,0.378,3.44e-05,0.159,0.143
4yCQXEoqFq3ZvvHSvemERP,1pat8ir5aqzhzvs7ygs1jp8ga,Give Up The Ghost - Brokenchord Rmx,"['Radiohead', 'Brokenchord']",305.0,False,25,True,0.454,0.614,-9.076,149.944,0.0909,0.0415,0.0896,0.095,0.201
4sIkwgf9bU7rQPvsA37rVQ,1pat8ir5aqzhzvs7ygs1jp8ga,Witte Was,['Goldband'],245.581,True,59,True,0.831,0.739,-9.914,128.995,0.0524,0.0505,0.00233,0.388,0.0842
44wXefe8WB9Fd6xwtmAwbR,1pat8ir5aqzhzvs7ygs1jp8ga,Monkey Wrench,['Foo Fighters'],231.48,False,69,True,0.401,0.953,-4.276,174.217,0.0752,1.83e-05,2.56e-05,0.555,0.149
1r1fPuhj9H4VdXr7OK6FL5,31hbrww3peprl3puzzaqqf6yfycy,CASTLE OF GLASS,['Linkin Park'],205.4,False,73,True,0.615,0.911,-3.584,108.0,0.0278,0.0686,0.00188,0.685,0.0908
3SFXsFpeGmBTtQvKiwYMDA,31hbrww3peprl3puzzaqqf6yfycy,Pretty Fly (For A White Guy),['The Offspring'],188.666,False,75,True,0.723,0.895,-3.707,143.373,0.102,0.088,0.0,0.963,0.0717
305WCRhhS10XUcH6AEwZk6,31hbrww3peprl3puzzaqqf6yfycy,Are You Gonna Be My Girl,['Jet'],213.8,False,76,True,0.613,0.953,-3.435,105.046,0.0855,0.00148,0.000582,0.537,0.152
1bCmvezFg5MRcENzCGG1Cy,31hbrww3peprl3puzzaqqf6yfycy,Chelsea Dagger,['The Fratellis'],215.306,False,69,True,0.511,0.815,-3.14,154.514,0.144,0.0491,0.0,0.586,0.0826
0yNZ63pUbmxX0xYzZEQr2j,31hbrww3peprl3puzzaqqf6yfycy,H.Y.C.Y.BH,['Tom Cardy'],160.374,True,50,True,0.808,0.823,-8.22,119.971,0.301,0.311,0.0,0.803,0.0506
19lTs9MjkOGO1RHssmLpiU,31hbrww3peprl3puzzaqqf6yfycy,Florence Is Deaf (But There's No Need to Shout),['Toy Dolls'],213.84,False,15,True,0.584,0.642,-10.816,147.156,0.4,0.0872,0.000135,0.367,0.241
59WN2psjkt1tyaxjspN8fp,31hbrww3peprl3puzzaqqf6yfycy,Killing In The Name,['Rage Against The Machine'],313.573,True,80,True,0.466,0.833,-4.215,88.785,0.304,0.0266,0.0,0.661,0.0327
6wqp69umLgacuuvHgazEQK,31hbrww3peprl3puzzaqqf6yfycy,Reckless with my heart,['LEC'],195.968,False,46,True,0.477,0.903,-5.833,155.083,0.0482,0.00041,1.62e-05,0.549,0.292
7g8HA6O413CebKY20aP3nR,31hbrww3peprl3puzzaqqf6yfycy,Sea Shanty 2,['Ian Taylor'],127.88,False,46,True,0.778,0.277,-9.995,200.047,0.0873,0.648,0.707,0.764,0.19
3CtZB2dVuHWHXIGShH9jUK,31hbrww3peprl3puzzaqqf6yfycy,Silver Scrapes (As Featured In League of Legends Season 2 World Championship),['Danny McCarthy'],116.049,False,43,True,0.603,0.687,-5.578,140.042,0.0374,0.00193,0.477,0.234,0.0676
4fouWK6XVHhzl78KzQ1UjL,basmerbel,abcdefu,['GAYLE'],168.601,True,88,True,0.695,0.54,-5.692,121.932,0.0493,0.299,0.0,0.415,0.367
0eZBeB2xFIS65jQHerispi,11140450740,The Sound of Silence,['Disturbed'],248.466,False,71,True,0.322,0.28,-9.367,85.794,0.0281,0.468,1.1e-06,0.175,0.102
4vUmTMuQqjdnvlZmAH61Qk,11140450740,South of the Border (feat. Camila Cabello & Cardi B),"['Ed Sheeran', 'Camila Cabello', 'Cardi B']",204.466,False,77,True,0.857,0.621,-6.376,97.989,0.0825,0.148,0.0,0.668,0.0865
21jGcNKet2qwijlDFuPiPb,11140450740,Circles,['Post Malone'],215.28,False,87,True,0.695,0.762,-3.497,120.042,0.0395,0.192,0.00244,0.553,0.0863
3wpLkju0bJy89kjgdRys0j,11140450740,September,"['Earth, Wind & Fire']",215.08,False,63,True,0.694,0.831,-7.288,125.901,0.0301,0.165,0.000892,0.98,0.25
0GjEhVFGZW8afUYGChu3Rr,11140450740,Dancing Queen,['ABBA'],230.4,False,83,True,0.543,0.87,-6.514,100.804,0.0428,0.358,0.000939,0.754,0.792
1mXuMM6zjPgjL4asbBsgnt,11140450740,Firework,['Katy Perry'],227.893,False,74,True,0.638,0.832,-5.039,124.071,0.049,0.141,0.0,0.648,0.113
0ikz6tENMONtK6qGkOrU3c,11140450740,Wake Me Up Before You Go-Go,['Wham!'],231.333,False,80,True,0.62,0.573,-11.893,81.548,0.0423,0.271,0.0,0.897,0.0607
32lF1rsInDTdK6Av3KdfaY,11140450740,You Get What You Give,['New Radicals'],300.773,False,0,True,0.621,0.901,-5.396,113.967,0.0302,0.17,0.0,0.744,0.0875
4yDjzVhXig9tfO7Zv46FE8,11140450740,Over the Rainbow,"[""Israel Kamakawiwo'ole""]",211.933,False,64,True,0.671,0.153,-13.569,85.6,0.0404,0.912,5.53e-05,0.658,0.0771
7xVssMegpAxQ8GuFa84V31,11140450740,Albino,"['Joost', 'Tice']",212.177,True,50,True,0.785,0.781,-6.019,166.003,0.114,0.264,7.6e-06,0.557,0.124
3UU8OqJfnsj1Z5lCQdTSJ6,11140450740,Bus Gemist,"['Joost', 'Mick Spek', 'Daan Koens']",165.076,True,43,True,0.729,0.673,-6.186,160.017,0.0556,0.0111,0.0,0.656,0.069
4hFLAgCvQdngAtIhb3KaVI,11140450740,Ome Robert,['Joost'],152.5,True,35,True,0.8,0.828,-4.643,74.994,0.194,0.0527,0.0181,0.811,0.273
58SAzHDZoAKTv5mNBZywak,11140450740,Meeuw,"['Joost', 'Stefano Keizers']",206.625,True,35,True,0.764,0.869,-1.024,160.058,0.314,0.0877,0.0,0.432,0.366
7DPDp36LQCWwdUxGAGKByg,11140450740,Summervibes 2019,['Joost'],199.961,True,52,True,0.767,0.689,-6.842,175.102,0.13,0.0895,0.000534,0.462,0.123
6GzcVjTvmgsO3RhdE2c653,11140450740,Joost Klein 2,['Joost'],126.0,True,42,True,0.898,0.794,-7.277,140.05,0.0778,0.0343,2.63e-05,0.967,0.244
7zNthC4Y61GU4qV3ZuQZqm,11140450740,Pauze?,['Joost'],158.423,True,32,True,0.753,0.854,-6.903,173.936,0.246,0.232,0.0,0.664,0.205
51aZMsj1sZsACq0NHw2WA4,11140450740,Bim Bam Bom,['Joost'],148.73,True,30,True,0.697,0.674,-7.057,159.96,0.0619,0.145,3.36e-05,0.839,0.167
2zBUb8oBUVBuEox8y0TFpE,11140450740,Zaanse Mayo,['Joost'],78.0,True,37,True,0.432,0.831,-3.812,90.245,0.0462,0.00655,0.235,0.507,0.125
2abGOaJtOoDpLhtlFMsTzf,11140450740,Kut!,"['Joost', 'Stefano Keizers']",177.913,True,36,True,0.962,0.663,-7.17,115.006,0.112,0.0542,0.00145,0.886,0.116
2Jpnf51TULF7lCriJtUXpZ,11140450740,Papa en Mama,['Joost'],169.444,False,44,True,0.817,0.633,-8.449,162.009,0.162,0.204,0.266,0.957,0.111
446Dy7zAZXppRBqPvPzCes,11140450740,Woman in White,['Current Swell'],202.803,False,53,True,0.352,0.804,-4.876,145.742,0.0769,0.132,0.0,0.348,0.105
3G7tRC24Uh09Hmp1KZ7LQ2,carmenvs,I'm a Believer - 2006 Remaster,['The Monkees'],167.373,False,75,True,0.526,0.775,-6.05,80.106,0.0352,0.707,2.05e-05,0.962,0.217
5haXbSJqjjM0TCJ5XkfEaC,carmenvs,I Got You (I Feel Good),['James Brown & The Famous Flames'],165.8,False,72,True,0.613,0.487,-8.781,143.332,0.0935,0.412,1.02e-05,0.699,0.286
6aU6a9tdn2vHhnPGlboFZX,carmenvs,Good Vibrations,['The Beach Boys'],255.4,False,59,True,0.414,0.528,-7.733,74.627,0.0343,0.0495,0.00026,0.335,0.117
1gFNm7cXfG1vSMcxPpSxec,carmenvs,"Ob-La-Di, Ob-La-Da - Remastered 2009",['The Beatles'],188.96,False,71,True,0.818,0.728,-8.331,113.059,0.0314,0.232,0.0642,0.975,0.251
3Vby4nGmtbDo7HDJamOWkT,carmenvs,Stuck In The Middle With You,['Stealers Wheel'],208.946,False,77,True,0.82,0.575,-9.144,123.765,0.0408,0.0936,0.000135,0.964,0.109
3yrSvpt2l1xhsV9Em88Pul,carmenvs,Brown Eyed Girl,['Van Morrison'],183.306,False,81,True,0.491,0.583,-10.964,150.566,0.0376,0.185,0.0,0.908,0.406
4iUH4ksweue6iGqQUgSzhx,carmenvs,Is Dit Alles,['Doe Maar'],323.717,False,47,True,0.833,0.41,-13.562,121.387,0.132,0.456,6.66e-05,0.88,0.0537
05wIrZSwuaVWhcv5FfqeH0,carmenvs,Walking On Sunshine,['Katrina & The Waves'],238.733,False,80,True,0.596,0.869,-11.97,109.902,0.037,0.0116,0.173,0.944,0.0678
6x4tKaOzfNJpEJHySoiJcs,carmenvs,Mambo No. 5 (a Little Bit of...),['Lou Bega'],220.293,False,78,True,0.622,0.807,-6.752,174.06,0.408,0.103,0.0,0.892,0.306
0gFvkiT2afIcJwNxXQ7W51,carmenvs,Mrs. Robinson - Single Mix,['Simon & Garfunkel'],234.346,False,40,True,0.602,0.456,-13.784,91.995,0.0489,0.721,2e-05,0.787,0.103
0qxYx4F3vm1AOnfux6dDxP,carmenvs,You Can Call Me Al,['Paul Simon'],280.0,False,76,True,0.776,0.763,-8.124,128.433,0.0534,0.182,0.00647,0.82,0.077
5KkaczeDlUwo6cDTVaR6ca,11140450740,Long Time Ago,['Current Swell'],182.04,False,57,True,0.67,0.539,-8.528,110.003,0.0244,0.679,0.00277,0.619,0.101
6w9gXX56nUawzcISjHl0Ni,11140450740,Marsha,['Current Swell'],165.006,False,44,True,0.649,0.804,-5.098,113.986,0.028,0.029,2.38e-06,0.71,0.0779
4Mp9NN7V2AfTrqfstMJOze,11140450740,Short Stories,['Current Swell'],173.72,False,41,True,0.679,0.667,-12.173,102.966,0.0691,0.71,2.7e-05,0.756,0.111
7GHLMZvDX2ZTG5KPvrthfB,11140450740,It Ain’t Right,['Current Swell'],215.887,False,37,True,0.569,0.875,-3.65,130.031,0.0374,0.00374,1.09e-06,0.452,0.125
0aEQIzfQ8fkPUGbMAC36vh,11140450740,I Want A Bird,['Current Swell'],244.653,False,26,True,0.514,0.659,-4.444,133.152,0.033,0.0683,0.0,0.338,0.0766
2IBUJvTFKGkzeeGGlUrImC,11140450740,Like I Fight for You,['Current Swell'],202.512,False,30,True,0.673,0.7,-5.76,119.082,0.0293,0.201,1.53e-05,0.436,0.196
7mrKDTg9hyGJYwNWPczjQT,11140450740,Goud,['Bazart'],182.053,False,49,True,0.54,0.704,-7.952,119.911,0.0363,0.0218,0.0131,0.267,0.0924
1VH71xfEX5MBOyEXelDC7h,11140450740,Onderweg,"['Bazart', 'S10']",208.545,False,45,True,0.581,0.693,-5.322,110.019,0.0278,0.0251,0.0,0.472,0.329
0FsHD9R7iplyKvJCkMaNMT,11140450740,Denk Maar Niet Aan Morgen,['Bazart'],252.333,False,44,True,0.691,0.571,-6.999,98.011,0.0268,0.594,0.0,0.505,0.1
7ebPzi8GXAcHIPD5uJ1q5D,11140450740,Chaos,['Bazart'],198.96,False,40,True,0.363,0.761,-7.194,95.203,0.042,0.00513,0.0,0.285,0.0471
3pykjHDwXIBSuY0oDck13V,11140450740,Maanlicht,['Bazart'],194.573,False,33,True,0.664,0.71,-7.64,111.904,0.0404,0.141,0.0,0.469,0.175
6aAJY5FYW0TMLsUe2T7x4p,11140450740,Zoutelande,['BLØF'],219.546,False,49,True,0.665,0.682,-6.953,128.955,0.0271,0.0872,0.000105,0.907,0.157
1RTVBt6wWtWs2qiRVnlzLM,rauwedouwe,Sonnentanz,['Klangkarussell'],360.146,False,0,True,0.646,0.359,-10.388,119.885,0.155,0.247,0.914,0.154,0.0872
1di1BEgJYzPvXUuinsYJGP,31hbrww3peprl3puzzaqqf6yfycy,Everybody (Backstreet's Back) - Radio Edit,['Backstreet Boys'],225.36,False,76,True,0.731,0.853,-4.219,108.016,0.0363,0.0352,0.0,0.605,0.268
47BBI51FKFwOMlIiX6m8ya,31hbrww3peprl3puzzaqqf6yfycy,I Want It That Way,['Backstreet Boys'],213.306,False,81,True,0.689,0.694,-5.83,99.039,0.027,0.257,0.0,0.482,0.148
4btFHqumCO31GksfuBLLv3,11140450740,Overpass Graffiti,['Ed Sheeran'],236.906,False,81,True,0.52,0.849,-3.794,175.908,0.186,0.00253,0.0,0.774,0.119
3JOVTQ5h8HGFnDdp4VT3MP,11140450740,Mad World,"['Gary Jules', 'Michael Andrews']",189.506,False,67,True,0.344,0.0585,-17.212,174.149,0.0373,0.976,0.000362,0.323,0.103
3FCto7hnn1shUyZL42YgfO,11140450740,Piano Man,['Billy Joel'],336.093,False,66,True,0.334,0.472,-8.791,179.173,0.0277,0.6,3.62e-06,0.431,0.317
2qJv6Rs4pMUaFyVM0y6qhF,basmerbel,SpongeBob SquarePants Theme Song,['Spongebob Squarepants'],44.88,False,22,True,0.687,0.81,-6.997,120.179,0.365,0.852,2.04e-06,0.825,0.85
0K5tiButqdSSHHgwPonjet,basmerbel,SpongeBob Squarepants Closing Theme Song,"['Orange Stick', 'Avocuddle', 'Lofi Fruits Music']",99.317,False,33,True,0.844,0.647,-6.435,140.006,0.0378,0.246,0.243,0.537,0.109
3f4x82hFTmTHFl8Qnryw9z,basmerbel,Goofy Goober Rock,['Spongebob Squarepants'],174.026,False,46,True,0.522,0.863,-6.195,105.997,0.029,1.36e-05,0.0129,0.615,0.202
3GZD6HmiNUhxXYf8Gch723,hankmoody420,Lost,['Frank Ocean'],234.093,True,85,True,0.913,0.603,-4.892,123.061,0.226,0.0272,0.000503,0.497,0.167
5fOdnJHTNqJ1dtibScdNom,hankmoody420,Laidback,['Hamdi'],205.718,False,15,True,0.689,0.913,-4.944,140.069,0.0449,0.0232,0.337,0.288,0.0694
5T4ZIMPGpeEmb6nuD4iyhv,hankmoody420,Oriente,['Henry Fiol'],595.16,False,37,True,0.612,0.406,-13.467,134.413,0.0585,0.347,0.000624,0.472,0.104
01Gs1IxOVOg4h2RV20Agcq,hankmoody420,Starworshipper,"['Futurecop!', 'Diana Gen & Starrset']",274.599,False,25,True,0.544,0.839,-6.278,126.015,0.0344,0.0676,3.8e-06,0.698,0.174
5l1ApXkTVZ0dXeGuwjtkSU,hankmoody420,Off the Ground,['Anderson .Paak'],288.013,False,40,True,0.65,0.721,-7.206,182.971,0.171,0.801,8.13e-05,0.547,0.144
2w9htZtkcbR48NCWzXjfvb,hankmoody420,Fight the Feeling,"['Mac Miller', 'Kendrick Lamar', 'Iman Omari']",301.769,True,68,True,0.569,0.881,-5.873,148.067,0.365,0.111,0.0,0.811,0.655
124NFj84ppZ5pAxTuVQYCQ,hankmoody420,Take Care,"['Drake', 'Rihanna']",277.386,True,76,True,0.629,0.515,-10.358,121.845,0.265,0.0267,1.22e-05,0.299,0.0888
3ClBKQkKoaUQ6UOhe2xlJK,hankmoody420,Good News,['Mac Miller'],342.04,False,57,True,0.794,0.32,-12.92,174.088,0.173,0.853,0.134,0.241,0.112
6a8PBrzuyxH3N4gUtbfS1n,hankmoody420,The Sun,['Fritz Kalkbrenner'],365.602,False,27,True,0.725,0.7,-11.218,122.004,0.046,0.0398,0.897,0.438,0.0511
480dDrqG7LO6qDaphHeXlM,hankmoody420,Invisible Touch - Remastered 2007,['Genesis'],210.133,False,69,True,0.623,0.94,-5.731,131.037,0.0365,0.202,0.00184,0.837,0.0472
6lx5aHjUesS2XEyLxXknLQ,hankmoody420,Heaven,['Ebo Taylor'],365.693,False,0,True,0.655,0.771,-7.321,99.567,0.0517,0.124,0.509,0.398,0.0811
5gq9Wr7HXsNmw0hU7e8wCI,hankmoody420,I Wish I Knew Natalie Portman (feat. Nelly Furtado & Saukrates),"['K-OS', 'Nelly Furtado', 'Saukrates']",189.973,False,0,True,0.398,0.904,-2.795,84.799,0.326,0.0367,0.0,0.571,0.85
3f7RrcuDNwPnUUm8lU0z8p,hankmoody420,Elaine,['ABBA'],224.506,False,41,True,0.592,0.867,-7.537,153.353,0.0427,0.282,0.0113,0.903,0.177
0MMYHVhb9kyxW1JpK9IBoK,hankmoody420,1by1 (feat. RAYE & Maleek Berry),"['Rudimental', 'RAYE', 'Maleek Berry']",248.813,False,35,True,0.679,0.794,-4.612,103.589,0.173,0.205,2.1e-06,0.639,0.0681
0qP8mXLkAkwNdQOPSXyJiu,hankmoody420,Leave You - Extended Mix,"['Einmusik', 'Lexer', 'Jyll']",417.004,False,32,True,0.762,0.741,-10.176,120.002,0.0489,0.0121,0.529,0.286,0.0675
3RkZM4hPoN6AupH4Ir1RAO,hankmoody420,Dune Suave,['Einmusik'],496.562,False,41,True,0.799,0.674,-10.703,124.003,0.0449,0.00123,0.911,0.164,0.0884
4uayzCHBoZ1cpTSpMmdMXB,hankmoody420,Blurred - Bonobo Remix,"['Kiasmos', 'Bonobo']",361.16,False,41,True,0.678,0.629,-13.102,124.99,0.0442,0.0577,0.865,0.305,0.111
7GRJRRR4nwZ4EGSnTapBmh,hankmoody420,No Dancers - Adam Port Remix,"['Cubicolor', 'Adam Port']",405.05,False,37,True,0.773,0.835,-9.508,120.003,0.0454,0.00663,0.794,0.0784,0.122
5gC2aJwuSzGe3IJVlk9r2O,hankmoody420,Final Credits,['Midland'],439.994,False,52,True,0.823,0.814,-8.723,133.01,0.0391,0.0146,0.359,0.488,0.138
3s2FVNc1HsVNeTCROnT3ks,hankmoody420,San Salvador,['Azoto'],416.774,False,40,True,0.804,0.901,-6.747,124.78,0.0758,0.015,0.266,0.909,0.0418
0lLqS6XnoLYJJXHj57h4jz,hankmoody420,Take A Chance - Original Mix,['Mr. Flagio'],472.361,False,41,True,0.671,0.728,-9.78,118.031,0.0403,0.000372,0.00391,0.488,0.385
0ofHAoxe9vBkTCp2UQIavz,hankmoody420,Dreams - 2004 Remaster,['Fleetwood Mac'],257.8,False,83,True,0.828,0.492,-9.744,120.151,0.0276,0.0644,0.00428,0.789,0.128
237B0GS3Y8VwGGD9bGl1vG,hankmoody420,Red Dot Music,"['Mac Miller', 'Action Bronson']",367.93,True,58,True,0.537,0.686,-6.734,148.757,0.459,0.156,0.0,0.284,0.158
5upg23tFxH2D49CPKyYE96,hankmoody420,Heel die Tag Pörno,['Gestapo Knallmuzik'],243.062,True,31,True,0.599,0.572,-6.974,154.997,0.0433,0.0231,0.0,0.291,0.0941
3MUs80GjgeDzNgEXHvIve6,hankmoody420,Sabin und Frank,['Gestapo Knallmuzik'],207.333,True,24,True,0.383,0.564,-9.648,179.959,0.0731,0.0627,0.0371,0.484,0.0661
0ARK753YaiJbpLUk7z5yIM,hankmoody420,Dilemma,"['Nelly', 'Kelly Rowland']",289.16,True,78,True,0.727,0.552,-8.074,168.189,0.14,0.227,0.000164,0.607,0.198
4u2dQmcZaFAu0fKXGmIf96,hankmoody420,Techno toujours pareil,"[""Salut C'est Cool""]",194.12,False,56,True,0.659,0.908,-6.67,159.008,0.0367,0.241,0.00595,0.741,0.132
455AfCsOhhLPRc68sE01D8,hankmoody420,Last Friday Night (T.G.I.F.),['Katy Perry'],230.746,False,76,True,0.649,0.815,-3.796,126.03,0.0415,0.00125,4.31e-05,0.765,0.671
6tS3XVuOyu10897O3ae7bi,hankmoody420,California Gurls,"['Katy Perry', 'Snoop Dogg']",234.653,False,76,True,0.791,0.754,-3.729,125.014,0.0569,0.00446,0.0,0.425,0.163
5aJI7OzC1n3XKVLgYAxgwj,hankmoody420,PIMP,['Bacao Rhythm & Steel Band'],194.972,False,50,True,0.672,0.858,-5.233,166.689,0.145,0.456,0.811,0.963,0.104
6NALXWBiw7iCydGxxKoSVI,hankmoody420,Ayibobo,"['Francis Mercier', 'Nitefreak', 'Lenny Auguste']",208.032,False,38,True,0.619,0.826,-5.662,122.054,0.0492,0.00108,0.323,0.427,0.167
1NCuYqMc8hKMb4cpNTcJbD,hankmoody420,Another Day in Paradise - 2016 Remaster,['Phil Collins'],322.133,False,74,True,0.78,0.565,-7.32,101.967,0.0306,0.736,0.00269,0.365,0.063
0DmVOSnZLqxYEktgaVTP1H,hankmoody420,Use Me Again - Carl Craig Rework,"['Tom Trago', 'Carl Craig']",462.624,False,42,True,0.645,0.76,-8.29,123.989,0.0512,0.000191,0.296,0.476,0.0263
3WU2blK7YBcugEEU9CATvF,hankmoody420,No Games,['Serani'],188.2,False,64,True,0.741,0.79,-5.056,185.779,0.284,0.000755,0.0,0.806,0.0345
5mAh5J4w6BEZkajB1M7XrB,hankmoody420,Lola's Theme - Radio Edit,['The Shapeshifters'],207.066,False,66,True,0.748,0.845,-4.612,123.925,0.0536,0.00083,0.000225,0.659,0.068
3VENW5XwluAdLalduotknJ,hankmoody420,No Sex With Cops,['Brutalismus 3000'],396.0,True,49,True,0.658,0.842,-6.827,160.0,0.0875,0.000389,0.811,0.612,0.0998
4YwbSZaYeYja8Umyt222Qf,carmenvs,You Can't Hurry Love - 2016 Remaster,['Phil Collins'],175.746,False,77,True,0.62,0.936,-4.593,97.527,0.0308,0.0261,0.0,0.763,0.0679
